0.0286146402359009	0.0592496804893017	0.0197042003273964
0.0291977338492870	0.0573972836136818	0.0191581919789314
0.0257724002003670	0.0773116797208786	0.0279867723584175
0.0286595225334167	0.0539725124835968	0.0164668913930655
0.0231150053441525	0.0808895826339722	0.0274481419473886
0.0302801039069891	0.0542345978319645	0.0183163061738014
0.0325180962681770	0.0481612421572208	0.0168655831366777
0.0270731989294291	0.0629031285643578	0.0203738007694483
0.0222029834985733	0.0894276052713394	0.0318123959004879
0.0280289109796286	0.0547645166516304	0.0163035728037357
0.0296201985329390	0.0573135763406754	0.0195456966757774
0.0224175024777651	0.0898635536432266	0.0323069058358669
0.0297739747911692	0.0567337721586227	0.0193448960781097
0.0253933090716600	0.0792946517467499	0.0288263242691755
0.0267994254827499	0.0563379414379597	0.0160033702850342
0.0259817037731409	0.0675171464681625	0.0221093706786633
0.0294573884457350	0.0565280877053738	0.0188874714076519
0.0257664788514376	0.0662404298782349	0.0210909061133862
0.0308712236583233	0.0480836331844330	0.0151036139577627
0.0313661806285381	0.0463852770626545	0.0145617490634322
0.0298141818493605	0.0452549047768116	0.0122433677315712
0.0287150591611862	0.0537492483854294	0.0163857415318489
0.0292494818568230	0.0492381639778614	0.0141345690935850
0.0339233689010143	0.0413571931421757	0.0140936505049467
0.0308542996644974	0.0458264574408531	0.0136813530698419
0.0287406537681818	0.0512832142412663	0.0148777477443218
0.0265210326761007	0.0921007841825485	0.0371743068099022
0.0308007672429085	0.0868431404232979	0.0377427525818348
0.0207761004567146	0.0998637080192566	0.0368168875575066
0.0296143405139446	0.0731799006462097	0.0288886893540621
0.0275121498852968	0.0936832278966904	0.0389163419604301
0.0208643712103367	0.1014020591974258	0.0377757400274277
0.0300702974200249	0.0741800740361214	0.0298466421663761
0.0316992439329624	0.0603917986154556	0.0232838187366724
0.0317986011505127	0.0550799220800400	0.0203121695667505
0.0253086201846600	0.0936226546764374	0.0370319187641144
0.0306994095444679	0.0813955441117287	0.0345245711505413
0.0314501672983170	0.0765639841556549	0.0323759391903877
0.0286570433527231	0.0847638025879860	0.0347474701702595
0.0274362470954657	0.0831182599067688	0.0327763520181179
0.0282484553754330	0.0805466100573540	0.0319790504872799
0.0330381132662296	0.0477309674024582	0.0171259455382824
0.0309886634349823	0.0678354576230049	0.0269684847444296
0.0256404709070921	0.0913990512490273	0.0360315926373005
0.0327267162501812	0.0659043490886688	0.0273167137056589
0.0292399935424328	0.0844529718160629	0.0350580103695393
0.0320745632052422	0.0546821877360344	0.0203150548040867
0.0299382507801056	0.0612747743725777	0.0223135203123093
0.0268908925354481	0.0830691754817963	0.0322903655469418
0.0282430592924356	0.0770378261804581	0.0299564935266972
0.0298741310834885	0.0669761821627617	0.0255387704819441
0.0282059647142887	0.0853957608342171	0.0347323045134544
0.0304668880999088	0.0802792012691498	0.0336873531341553
0.0318830125033855	0.0629220530390739	0.0248933061957359
0.0306267421692610	0.0726912766695023	0.0294574443250895
0.0258911605924368	0.0909877270460129	0.0360054485499859
0.0273022577166557	0.0869184359908104	0.0348494984209538
0.0257165320217609	0.0815997272729874	0.0304595101624727
0.0306894704699516	0.0714172795414925	0.0287773832678795
0.0083574969321489	-0.0019329545320943	0.0443104356527328
0.0284222066402435	0.0190530400723219	0.0889014378190041
0.0271111018955708	0.0188413895666599	0.0890000015497208
0.0393797531723976	0.0416575670242310	0.0519188754260540
0.0390086583793163	0.0490965470671654	0.0554371513426304
0.0371338464319706	0.0798158198595047	0.0665456503629684
0.0365823991596699	0.0926833152770996	0.0735349953174591
0.0397660322487354	0.0338099226355553	0.0481553301215172
0.0394320599734783	0.0394606292247772	0.0503074824810028
0.0368845947086811	0.0870903730392456	0.0711215063929558
0.0379537716507912	0.0675936415791512	0.0628652572631836
0.0368475057184696	0.0895349979400635	0.0731254369020462
0.0381160117685795	0.0641187801957130	0.0611108317971230
0.0377754345536232	0.0725690871477127	0.0659163519740105
0.0383590459823608	0.0585601292550564	0.0581396073102951
0.0392204672098160	0.0446159094572067	0.0532010309398174
0.0372880548238754	0.0768743157386780	0.0652291104197502
0.0186990555375814	-0.0099999997764826	0.0502393916249275
0.0216742176562548	-0.0099999997764826	0.0375491343438625
0.0192810893058777	-0.0099999997764826	0.0501890592277050
0.0197929292917252	0.0174569338560104	0.0890000015497208
0.0207176059484482	0.0281783733516932	0.0889979898929596
0.0183188356459141	0.0357505045831203	0.0883588790893555
0.0188631676137447	0.0294567011296749	0.0886402502655983
0.0177538171410561	0.0139274345710874	0.0888457074761391
0.0178617537021637	0.0431523993611336	0.0880644619464874
0.0181670263409615	0.0346829071640968	0.0883579477667809
0.0183519478887320	0.0199106577783823	0.0888005718588829
0.0203053802251816	0.0344223491847515	0.0887913033366203
0.0186039358377457	0.0178462453186512	0.0889075025916100
0.0182190015912056	0.0100711341947317	0.0889796167612076
0.0191560592502356	0.0189344231039286	0.0889782160520554
0.0160853229463100	0.0894491598010063	0.0847319439053535
0.0149339903146029	0.0902394503355026	0.0838321670889854
0.0084143904969096	0.0722931846976280	0.0378792583942413
0.0102692889049649	0.0571312680840492	0.0272238962352276
0.0082154897972941	0.0730318352580070	0.0388796292245388
0.0084735043346882	0.0705812349915504	0.0373427234590054
0.0096807237714529	0.0597718656063080	0.0302569884806871
0.0091864811256528	0.0689452514052391	0.0339189954102039
0.0079279178753495	0.0709234103560448	0.0398168116807938
0.0098223993554711	0.0586375892162323	0.0294469483196735
0.0077942325733602	0.0726697742938995	0.0406895317137241
0.0086226388812065	0.0645354837179184	0.0357123278081417
0.0091303046792746	0.0677085444331169	0.0339698567986488
0.0109061272814870	0.0527768991887569	0.0237020440399647
0.0079548377543688	0.0748988240957260	0.0403346791863441
0.0076258582994342	0.0705208554863930	0.0410916768014431
0.0116453990340233	0.0484751276671886	0.0197344161570072
0.0071972287259996	0.0210966970771551	0.0767450034618378
0.0066994596272707	0.0029518604278564	0.0744678005576134
0.0071714795194566	0.0263337362557650	0.0751028656959534
0.0073626800440252	0.0291220229119062	0.0770096778869629
0.0076818806119263	0.0491673387587070	0.0763941928744316
0.0069305640645325	0.0077204210683703	0.0764274150133133
0.0071060960181057	0.0197943318635225	0.0758295878767967
0.0077884597703815	0.0517490394413471	0.0772034823894501
0.0069576250389218	0.0099305761978030	0.0762491598725319
0.0068787084892392	0.0117067769169807	0.0747396424412727
0.0080310069024563	0.0643471702933311	0.0773858129978180
0.0071630761958659	0.0193015020340681	0.0767245888710022
0.0072547476738691	0.0295540690422058	0.0754381343722343
0.0067610396072268	0.0024638560134917	0.0754240453243256
0.0078062703832984	0.0562817901372910	0.0763263925909996
0.0332461185753345	0.1012848690152168	0.0679173171520233
0.0332125388085842	0.1016164273023605	0.0688560977578163
0.0207887627184391	0.0966791808605194	0.0852156057953835
0.0333635732531548	0.1011352315545082	0.0738423764705658
0.0347410701215267	0.0985651612281799	0.0719839483499527
0.0336928665637970	0.1007261201739311	0.0705280005931854
0.0260252412408590	0.0279176980257034	0.0890000015497208
0.0346353352069855	0.0051453076303005	0.0767224729061127
0.0358759164810181	0.0161819960922003	0.0766907781362534
0.0333048850297928	-0.0036152116954327	0.0776671171188354
0.0335923805832863	0.0000890344381332	0.0779992640018463
0.0352918840944767	0.0112104807049036	0.0767721086740494
0.0276319812983274	-0.0099159833043814	0.0775780603289604
0.0235181637108326	0.0180497989058495	0.0890000015497208
0.0239454004913568	-0.0099999997764826	0.0448997840285301
0.0277321860194206	0.0088970931246877	0.0105024846270680
0.0193745531141758	-0.0064084264449775	0.0207133945077658
0.0290086660534143	-0.0099098766222596	0.0646701678633690
0.0274378098547459	0.0107001876458526	0.0094591137021780
0.0350308790802956	0.0094779618084431	0.0131219644099474
0.0400241911411285	0.0004904334200546	0.0377195924520493
0.0336278304457664	-0.0089228674769402	0.0369298011064529
0.0345116667449474	-0.0086994105949998	0.0370560996234417
0.0313689447939396	-0.0093912268057466	0.0344299711287022
0.0203999541699886	-0.0087471334263682	0.0239555481821299
0.0230002030730247	-0.0096805794164538	0.0238607190549374
0.0206985585391521	-0.0072046620771289	0.0203386116772890
0.0195682831108570	-0.0056025218218565	0.0192002095282078
0.0118197621777654	0.0312766097486019	0.0181366186589003
0.0122912898659706	0.0187898501753807	0.0190882887691259
0.0124545274302363	0.0266525242477655	0.0174641031771898
0.0124155711382627	0.0284394510090351	0.0172643829137087
0.0123170800507069	0.0198317188769579	0.0188638065010309
0.0126525871455669	0.0315967202186584	0.0162302609533072
0.0119604626670480	0.0189939513802528	0.0197924524545670
0.0135537451133132	0.0388640463352203	0.0129897659644485
0.0223652273416519	-0.0099999997764826	0.0320280194282532
0.0202458612620831	-0.0099999997764826	0.0535928308963776
0.0083717508241534	0.0157335214316845	0.0388358123600483
0.0086293229833245	0.0159805100411177	0.0372942760586739
0.0080985054373741	0.0138431210070848	0.0406889393925667
0.0084162829443812	0.0140109630301595	0.0388053879141808
0.0073605231009424	0.0059538390487432	0.0460661686956882
0.0090241748839617	0.0204891450703144	0.0343787670135498
0.0095098670572042	0.0115046901628375	0.0336031876504421
0.0108481803908944	0.0136768054217100	0.0261782184243202
0.0089271152392030	0.0170368831604719	0.0354587286710739
0.0081059392541647	0.0079436684027314	0.0416648983955383
0.0111043285578489	0.0332618542015553	0.0206806901842356
0.0115180509164929	0.0273515731096268	0.0197849944233894
0.0104633988812566	0.0146608538925648	0.0279709212481976
0.0078271357342601	0.0062689874321222	0.0434716008603573
0.0091585963964462	0.0078076086938381	0.0362169966101646
0.0104281269013882	0.0166106615215540	0.0277398042380810
0.0107082901522517	0.0262762028723955	0.0242267474532127
0.0115832695737481	0.0144723840057850	0.0221844669431448
0.0092457244172692	0.0095975976437330	0.0353830382227898
0.0105086648836732	0.0120301982387900	0.0282948296517134
0.0091461455449462	0.0170712526887655	0.0343118384480476
0.0088051687926054	0.0103027652949095	0.0375252291560173
0.0111737716943026	0.0212603658437729	0.0228715427219868
0.0111141940578818	0.0263081379234791	0.0221080947667360
0.0107895359396935	0.0118044326081872	0.0268815048038960
0.0078616840764880	0.0073115527629852	0.0430701449513435
0.0084877181798220	0.0079739559441805	0.0396721102297306
0.0113675165921450	0.0238122493028641	0.0213208477944136
0.0100569110363722	0.0127514936029911	0.0304918587207794
0.0109371030703187	0.0276867859065533	0.0227363016456366
0.0084395743906498	0.0078798662871122	0.0399426072835922
0.0093281306326389	0.0111330728977919	0.0346277654170990
0.0103232981637120	0.0202661007642746	0.0275078751146793
0.0114917512983084	0.0274033006280661	0.0199108235538006
0.0117330644279718	0.0157577954232693	0.0211317557841539
0.0075846761465073	0.0049346606247127	0.0450168326497078
0.0095608653500676	0.0135380811989307	0.0329054445028305
0.0111845172941685	0.0311358459293842	0.0207155868411064
0.0084596564993262	0.0018233794253320	0.0419251807034016
0.0078803505748510	0.0005709867691621	0.0451608151197433
0.0097487159073353	0.0052232588641346	0.0344134531915188
0.0096986861899495	0.0044372999109328	0.0350376591086388
0.0092996684834361	0.0024415091611445	0.0378427170217037
0.0100156143307686	0.0055874669924378	0.0330309681594372
0.0087450612336397	0.0035645174793899	0.0397592857480049
0.0191755611449480	-0.0099999997764826	0.0596145540475845
0.0195978581905365	-0.0099999997764826	0.0522094257175922
0.0196497309952974	-0.0099999997764826	0.0686325356364250
0.0185768194496632	-0.0099999997764826	0.0659366697072983
0.0204113703221083	-0.0099999997764826	0.0543448142707348
0.0210177488625050	0.0196858234703541	0.0890000015497208
0.0211414229124784	0.0016094652237371	0.0890000015497208
0.0079333297908306	-0.0023999924305826	0.0800239145755768
0.0105722686275840	-0.0054091792553663	0.0820773541927338
0.0112093314528465	-0.0060708587989211	0.0785311907529831
0.0111630586907268	-0.0060303159989417	0.0785629227757454
0.0082599809393287	-0.0002562191220932	0.0821909755468369
0.0098984036594629	-0.0021760798990726	0.0832297727465630
0.0098672872409225	-0.0030063618905842	0.0826685801148415
0.0170576386153698	-0.0094014154747128	0.0814198702573776
0.0148707050830126	-0.0086911572143435	0.0804114714264870
0.0080670611932874	0.0005695466534235	0.0820784717798233
0.0144894048571587	-0.0014549067709595	0.0873312801122665
0.0142839206382632	-0.0018133623525500	0.0870192870497704
0.0125091336667538	-0.0073684873059392	0.0826650783419609
0.0125851854681969	-0.0067977779544890	0.0831203982234001
0.0138088539242744	-0.0059064137749374	0.0840322598814964
0.0144965955987573	-0.0096552670001984	0.0750025510787964
0.0113631170243025	-0.0065553737804294	0.0770422294735909
0.0109157403931022	-0.0062749115750194	0.0767045617103577
0.0090486062690616	-0.0039145145565271	0.0770730674266815
0.0088571961969137	-0.0031163962557912	0.0765988603234291
0.0072958138771355	-0.0002805621479638	0.0742183700203896
0.0086994981393218	-0.0022923676297069	0.0758366808295250
0.0168883558362722	-0.0099730938673019	0.0644454509019852
0.0164132937788963	-0.0098144067451358	0.0699704736471176
0.0145838642492890	-0.0095681771636009	0.0675041377544403
0.0164178349077702	-0.0098959524184465	0.0631507784128189
0.0149078182876110	-0.0096354400739074	0.0615998357534409
0.0157867781817913	-0.0098123373463750	0.0558599159121513
0.0122405318543315	-0.0084911203011870	0.0649908035993576
0.0141183482483029	-0.0092605156823993	0.0532671660184860
0.0118312034755945	-0.0081891538575292	0.0646918416023254
0.0134301921352744	-0.0089246770367026	0.0564178489148617
0.0114966351538897	-0.0074091735295951	0.0531112775206566
0.0127268303185701	-0.0088432170450687	0.0652045458555222
0.0101198358461261	-0.0066759278997779	0.0581108666956425
0.0107493121176958	-0.0068300580605865	0.0519742369651794
0.0094972318038344	-0.0047748810611665	0.0592295117676258
0.0085529107600451	-0.0044010952115059	0.0531256310641766
0.0111006097868085	-0.0071631292812526	0.0652769804000854
0.0105237420648336	-0.0059447488747537	0.0639851912856102
0.0095309866592288	-0.0059156399220228	0.0566726401448250
0.0072180507704616	-0.0010875449515879	0.0512634590268135
0.0074311350472271	-0.0001301983575104	0.0521030612289906
0.0107114715501666	-0.0058155036531389	0.0646200925111771
0.0171416532248259	-0.0099283177405596	0.0697421506047249
0.0191397629678249	-0.0099999997764826	0.0711752623319626
0.0193299055099487	0.0100699989125133	0.0890000015497208
0.0111933769658208	0.0012356392107904	0.0863381698727608
0.0174973886460066	0.0052369432523847	0.0889094248414040
0.0189742725342512	0.0051434962078929	0.0890000015497208
0.0215793941169977	0.0329104065895081	0.0890000015497208
0.0208072829991579	0.0434239283204079	0.0886751487851143
0.0217686127871275	0.0414825156331062	0.0888646095991135
0.0191982854157686	0.0456490814685822	0.0882830992341042
0.0071224579587579	0.0107552353292704	0.0776538103818893
0.0081118959933519	0.0649394392967224	0.0779576897621155
0.0078166425228119	0.0183985605835915	0.0808445140719414
0.0081090573221445	0.0614620707929134	0.0782824903726578
0.0074723591096699	0.0242983587086201	0.0783120691776276
0.0079870326444507	0.0516206771135330	0.0785546973347664
0.0074959397315979	0.0025064654182643	0.0805822536349297
0.0074097588658333	0.0224011223763227	0.0781427547335625
0.0073807956650853	0.0168300364166498	0.0785245299339294
0.0078036710619926	0.0394504629075527	0.0787070840597153
0.0073975049890578	0.0182512477040291	0.0784800425171852
0.0073483502492309	0.0268853101879358	0.0773546174168587
0.0077384077012539	0.0134131144732237	0.0808892101049423
0.0076153515838087	0.0344818159937859	0.0781253278255463
0.0076085892505944	0.0086058359593153	0.0806236714124680
0.0085105588659644	0.0816682055592537	0.0785804092884064
0.0080357175320387	0.0411322265863419	0.0798592418432236
0.0083585688844323	0.0705380514264107	0.0788088887929916
0.0074372868984938	0.0031948518007994	0.0801818668842316
0.0087594790384173	0.0191026628017426	0.0821455121040344
0.0105023970827460	0.0192192122340202	0.0845881998538971
0.0093182791024446	0.0115608079358935	0.0833156108856201
0.0090392436832190	0.0290403477847576	0.0820312127470970
0.0093791009858251	0.0705496370792389	0.0803894922137260
0.0082353921607137	0.0546446964144707	0.0795946866273880
0.0093557629734278	0.0208909623324871	0.0828919410705566
0.0090967239812016	0.0501310043036938	0.0810352191329002
0.0086436802521348	0.0272608436644077	0.0815663263201714
0.0081876134499907	0.0110728535801172	0.0817520394921303
0.0084913829341531	0.0521599091589451	0.0800811871886253
0.0097715146839619	0.0131584834307432	0.0838707983493805
0.0095269596204162	0.0318215861916542	0.0825744122266769
0.0085317827761173	0.0818853899836540	0.0786203667521477
0.0082248691469431	0.0411948561668396	0.0802665650844574
0.0092145651578903	0.0036311117000878	0.0835747420787811
0.0085513442754745	0.0797444805502892	0.0787571445107460
0.0083569018170238	0.0009076314163394	0.0825088471174240
0.0081440079957247	0.0381864868104458	0.0803065448999405
0.0082466388121247	0.0445948429405689	0.0801235735416412
0.0089058931916952	0.0367755405604839	0.0814489498734474
0.0092465402558446	0.0135418074205518	0.0831136852502823
0.0084135020151734	0.0524525456130505	0.0799568369984627
0.0092877764254808	0.0408745743334293	0.0817761942744255
0.0103487782180309	0.0143143543973565	0.0846227854490280
0.0078581497073174	0.0121511342003942	0.0812341272830963
0.0102264313027263	0.0162397567182779	0.0843525975942612
0.0098084714263678	0.0415131375193596	0.0826658755540848
0.0094086313620210	0.0691468864679337	0.0805081725120544
0.0111714880913496	0.0538468286395073	0.0826439931988716
0.0090105878189206	0.0833642706274986	0.0792671144008636
0.0110555235296488	0.0432120002806187	0.0833120644092560
0.0116284526884556	0.0222211591899395	0.0851224288344383
0.0134227983653545	0.0264475047588348	0.0859291031956673
0.0098149618133903	0.0433586128056049	0.0825410634279251
0.0110099511221051	0.0217364057898521	0.0847768113017082
0.0140886744484305	0.0119749298319221	0.0873434096574783
0.0094264261424541	0.0712258294224739	0.0803658366203308
0.0117711666971445	0.0176275242120028	0.0855292379856110
0.0094762621447444	0.0873321071267128	0.0792769119143486
0.0106432847678661	0.0464545674622059	0.0828338637948036
0.0142489597201347	0.0171476677060127	0.0870821699500084
0.0135321589186788	0.0109826121479273	0.0870710834860802
0.0102329626679420	0.0425436533987522	0.0828540623188019
0.0119451675564051	0.0265471059828997	0.0850159823894501
0.0123534053564072	0.0284204781055450	0.0851361304521561
0.0114986672997475	0.0525489486753941	0.0829348564147949
0.0134403621777892	0.0281889922916889	0.0858188271522522
0.0110017070546746	0.0246862396597862	0.0845667198300362
0.0100937467068434	0.0559129118919373	0.0818394348025322
0.0134899541735649	0.0266017448157072	0.0859595686197281
0.0131265250965953	0.0077191665768623	0.0870491489768028
0.0108430590480566	0.0447403863072395	0.0830755308270454
0.0185018572956324	0.0666151121258736	0.0872400254011154
0.0189539752900600	0.0584732815623283	0.0877989828586578
0.0192096251994371	0.0610616281628609	0.0877339988946915
0.0107458550482988	0.0905883163213730	0.0802783071994781
0.0143984574824572	0.0696026906371117	0.0846573635935783
0.0143651813268661	0.0816843882203102	0.0840463787317276
0.0120253730565310	0.0561007373034954	0.0831156224012375
0.0127600366249681	0.0680126696825027	0.0832215622067451
0.0102492254227400	0.0859774053096771	0.0800414010882378
0.0123874349519610	0.0484887175261974	0.0838153958320618
0.0134467436000705	0.0562386736273766	0.0844208523631096
0.0116890594363213	0.0832307562232018	0.0815021991729736
0.0143885184079409	0.0640408322215080	0.0849153250455856
0.0117548378184438	0.0558275170624256	0.0828790590167046
0.0150855053216219	0.0283401422202587	0.0872732698917389
0.0145017979666591	0.0684300884604454	0.0848090574145317
0.0111283473670483	0.0933680832386017	0.0804978162050247
0.0105001991614699	0.0774370059370995	0.0806832164525986
0.0145069109275937	0.0853800252079964	0.0839996933937073
0.0114089241251349	0.0653481185436249	0.0821025371551514
0.0113031910732388	0.0912011638283730	0.0807632580399513
0.0105609204620123	0.0915162414312363	0.0800630450248718
0.0151433320716023	0.0536691546440125	0.0861101150512695
0.0117901172488928	0.0917866975069046	0.0811845362186432
0.0146482922136784	0.0292863454669714	0.0868243053555489
0.0126202087849379	0.0545910261571407	0.0837371349334717
0.0098375352099538	0.0845843032002449	0.0797283425927162
0.0114661166444421	0.0754772052168846	0.0816688388586044
0.0150859337300062	0.0696359202265739	0.0852902680635452
0.0150173716247082	0.0618322119116783	0.0856017991900444
0.0111822439357638	0.0776531621813774	0.0813023298978806
0.0130129382014275	0.0880518034100533	0.0824925154447556
0.0139236571267247	0.0284322742372751	0.0861965268850327
0.0120712053030729	0.0690692961215973	0.0825350582599640
0.0125055694952607	0.0701222196221352	0.0828853845596313
0.0149597525596619	0.0241152327507734	0.0873601287603378
0.0158387161791325	0.0225146245211363	0.0878496393561363
0.0154341058805585	0.0361101888120174	0.0870947465300560
0.0164345279335976	0.0203480236232281	0.0880887135863304
0.0162366852164268	0.0330356433987617	0.0874244049191475
0.0156270936131477	0.0626014247536659	0.0858431681990623
0.0153153929859400	0.0154529772698879	0.0880777910351753
0.0153348147869110	0.0815448611974716	0.0848520100116730
0.0153441661968827	0.0787042230367661	0.0849929302930832
0.0170818474143744	0.0523882098495960	0.0873284488916397
0.0161326602101326	0.0696042254567146	0.0859334170818329
0.0169349797070026	0.0326994135975838	0.0878124982118607
0.0157716553658247	0.0749518573284149	0.0854404196143150
0.0162061844021082	0.0704002305865288	0.0859747976064682
0.0167852342128754	0.0553615391254425	0.0869678631424904
0.0168002191931009	0.0305293723940849	0.0877589136362076
0.0173843596130610	0.0622417032718658	0.0870603397488594
0.0173508748412132	0.0750497207045555	0.0862874984741211
0.0170398857444525	0.0723102018237114	0.0863026678562164
0.0172321703284979	0.0688039064407349	0.0866006463766098
0.0159450434148312	0.0798030942678452	0.0853431150317192
0.0177037920802832	0.0685016065835953	0.0868285670876503
0.0179164446890354	0.0875645652413368	0.0857858657836914
0.0176411960273981	0.0835559219121933	0.0859132483601570
0.0179567951709032	0.0745418146252632	0.0865721628069878
0.0173394884914160	0.0990260541439056	0.0837371647357941
0.0122630549594760	0.0988863781094551	0.0803969949483871
0.0156902987509966	0.1013567075133324	0.0821295976638794
0.0155063150450587	0.0974236726760864	0.0828477367758751
0.0132476119324565	0.0968872010707855	0.0814257040619850
0.0134087316691875	0.0963443443179131	0.0816300213336945
0.0155316703021526	0.0974053144454956	0.0828680172562599
0.0194775406271219	0.1020929664373398	0.0832079723477364
0.0249937251210213	0.1081570908427238	0.0750547274947166
0.0221529733389616	0.1071156039834023	0.0794604793190956
0.0208952706307173	0.1079907044768333	0.0776804387569427
0.0220641810446978	0.1074755936861038	0.0785022303462029
0.0072830310091376	0.0829070135951042	0.0451867133378983
0.0071874978020787	0.0637608170509338	0.0465908385813236
0.0090261436998844	0.0349376387894154	0.0750782191753387
0.0088392915204167	0.0588992796838284	0.0761715024709702
0.0093609159812331	0.0507669895887375	0.0757611319422722
0.0102199437096715	0.0498289130628109	0.0756452381610870
0.0084427651017904	0.0009715333580971	0.0736012682318687
0.0107256388291717	0.0351045280694962	0.0749398693442345
0.0102254794910550	0.0230808779597282	0.0744422450661659
0.0092443069443107	0.0787767469882965	0.0770303830504417
0.0088290264829993	0.0909482389688492	0.0776132121682167
0.0111487228423357	0.0036253519356251	0.0734883397817612
0.0091359671205282	0.0133702792227268	0.0740991905331612
0.0086549911648035	0.0755243301391602	0.0769347324967384
0.0092050451785326	0.0075635090470314	0.0738321989774704
0.0121993385255337	0.0013794500846416	0.0732972025871277
0.0097718304023147	0.0283148027956486	0.0747164785861969
0.0103997327387333	0.0380190238356590	0.0750988647341728
0.0095064854249358	0.0378371775150299	0.0751673504710197
0.0069327955134213	0.0159457251429558	0.0744040533900261
0.0102423615753651	0.0290677230805159	0.0747099444270134
0.0094044711440802	0.0677939727902412	0.0765228793025017
0.0095071094110608	0.0093118362128735	0.0738848820328712
0.0074222814291716	0.0264020785689354	0.0748321339488029
0.0101218875497580	0.0434620007872581	0.0753674060106277
0.0113806491717696	0.0182276330888271	0.0741249173879623
0.0083198910579085	0.0635989457368851	0.0764273628592491
0.0098179979249835	0.0070950090885162	0.0737585350871086
0.0089224288240075	0.0816140100359917	0.0771855562925339
0.0073924819007516	0.0267392024397850	0.0748498439788818
0.0111105088144541	0.0164122916758060	0.0740664824843407
0.0082503193989396	0.0925816893577576	0.0675952658057213
0.0073936060070992	0.0860693156719208	0.0468189194798470
0.0073684123344719	0.0864723920822144	0.0460738241672516
0.0079864421859384	0.0869086533784866	0.0620230771601200
0.0085419397801161	0.0962150022387505	0.0743479430675507
0.0073958961293101	0.0837974771857262	0.0473908148705959
0.0075171487405896	0.0824527889490128	0.0508425273001194
0.0077444845810533	0.0555854924023151	0.0628054589033127
0.0074137621559203	0.0659912079572678	0.0518709458410740
0.0075220461003482	0.0639853924512863	0.0551350489258766
0.0069633065722883	0.0175889059901237	0.0510917529463768
0.0076029202900827	0.0472781024873257	0.0610033646225929
0.0076461359858513	0.0564166791737080	0.0600642785429955
0.0070182858034968	0.0237586945295334	0.0511277318000793
0.0076620196923614	0.0553903542459011	0.0607081986963749
0.0073533421382308	0.0853031054139137	0.0459462627768517
0.0082514295354486	0.0851359963417053	0.0693035051226616
0.0077350693754852	0.0838864967226982	0.0561776235699654
0.0074656233191490	0.0630550086498260	0.0538798272609711
0.0074360487051308	0.0545829497277737	0.0550227910280228
0.0070398394018412	0.0320634096860886	0.0498142391443253
0.0080581763759255	0.0672584176063538	0.0683178454637527
0.0072714271955192	0.0628130286931992	0.0488919615745544
0.0077113062143326	0.0666935294866562	0.0594385042786598
0.0072847013361752	0.0625819116830826	0.0492887496948242
0.0078638754785061	0.0678807049989700	0.0631323233246803
0.0082788532599807	0.0927155092358589	0.0683060213923454
0.0081423707306385	0.0754303261637688	0.0686608403921127
0.0077611058950424	0.0764878541231155	0.0585224628448486
0.0078852484002709	0.0679804086685181	0.0636647939682007
0.0072981729172170	0.0410545021295547	0.0544941052794456
0.0074690142646432	0.0666861087083817	0.0531488806009293
0.0074976342730224	0.0771749466657639	0.0515262447297573
0.0074532101862133	0.0740460380911827	0.0510784648358822
0.0079439627006650	0.0899374857544899	0.0602368824183941
0.0072458866052330	0.0624645575881004	0.0483073852956295
0.0075567648746073	0.0650986507534981	0.0557854510843754
0.0074037266895175	0.0489562004804611	0.0554526671767235
0.0079612927511334	0.0664835870265961	0.0659769698977470
0.0073674349114299	0.0808714479207993	0.0473117604851723
0.0073799090459943	0.0615310147404671	0.0519979298114777
0.0074191503226757	0.0554785355925560	0.0543820112943649
0.0070547526702285	0.0331917591392994	0.0499469786882401
0.0073059215210378	0.0299097970128059	0.0572090297937393
0.0074434475973248	0.0447303988039494	0.0574371628463268
0.0079749543219805	0.0884617418050766	0.0613744817674160
0.0072608841583133	0.0384190939366817	0.0541202947497368
0.0075514563359320	0.0557709559798241	0.0577514916658401
0.0073287766426802	0.0619482249021530	0.0505761280655861
0.0072539872489870	0.0629649162292480	0.0484048575162888
0.0081395832821727	0.0793375149369240	0.0677071660757065
0.0076418509706855	0.0780814290046692	0.0550664924085140
0.0078887436538935	0.0639815106987953	0.0646575093269348
0.0073783849366009	0.0360835678875446	0.0576980784535408
0.0077952714636922	0.0575232207775116	0.0636871010065079
0.0070959646254778	0.0408684425055981	0.0492855906486511
0.0079753315076232	0.0879392623901367	0.0615021213889122
0.0072911679744720	0.0675622969865799	0.0483333431184292
0.0082727018743753	0.0939411893486977	0.0678698420524597
0.0071684033609927	0.0211964026093483	0.0556035712361336
0.0077791279181838	0.0668422281742096	0.0611660070717335
0.0080602010712028	0.0746957287192345	0.0666929408907890
0.0072637018747628	0.0408108718693256	0.0536539927124977
0.0073458314873278	0.0361589007079601	0.0568358153104782
0.0077344398014247	0.0881007164716721	0.0552107617259026
0.0069944537244737	0.0269658565521240	0.0497855320572853
0.0076821255497634	0.0872602909803391	0.0540419258177280
0.0086133405566216	0.0965840369462967	0.0761186927556992
0.0078220078721642	0.0821026265621185	0.0588374137878418
0.0074397432617843	0.0364171788096428	0.0592160560190678
0.0073836031369865	0.0490614846348763	0.0549063794314861
0.0075316294096410	0.0787865594029427	0.0520454496145248
0.0078773265704513	0.0734074860811234	0.0622350051999092
0.0072383629158139	0.0687122568488121	0.0467028282582760
0.0075892559252679	0.0464973039925098	0.0608246810734272
0.0077193863689899	0.0643266886472702	0.0601821765303612
0.0075534712523222	0.0834126472473145	0.0515691712498665
0.0071164336986840	0.0194869562983513	0.0546397119760513
0.0071521862410009	0.0567384772002697	0.0471658930182457
0.0076341060921550	0.0728136077523232	0.0560535416007042
0.0085412058979273	0.0917648896574974	0.0753326192498207
0.0077402330935001	0.0646592527627945	0.0606484375894070
0.0072493040934205	0.0678866803646088	0.0471731424331665
0.0078207366168499	0.0855777040123940	0.0580206103622913
0.0070354240015149	0.0185574069619179	0.0527459084987640
0.0070077134296298	0.0320126116275787	0.0489915162324905
0.0076363612897694	0.0884001255035400	0.0525965392589569
0.0077560334466398	0.0601642690598965	0.0620725676417351
0.0073854196816683	0.0864326357841492	0.0465244129300117
0.0078088575974107	0.0671842396259308	0.0618608295917511
0.0070251133292913	0.0281458720564842	0.0503154769539833
0.0071900617331266	0.0631987825036049	0.0466922298073769
0.0074930060654879	0.0786100029945374	0.0510823987424374
0.0073324311524630	0.0489184297621250	0.0536099337041378
0.0075568095780909	0.0857757925987244	0.0511228367686272
0.0075260731391609	0.0830092430114746	0.0509487465023994
0.0083290599286556	0.0823657065629959	0.0719440877437592
0.0075740576721728	0.0618054717779160	0.0569772608578205
0.0080812275409698	0.0925756469368935	0.0632060468196869
0.0077438820153475	0.0878159999847412	0.0555201470851898
0.0075586009770632	0.0527156069874763	0.0586261600255966
0.0073411529883742	0.0806421190500259	0.0466810576617718
0.0073816082440317	0.0476267039775848	0.0551782026886940
0.0076173376291990	0.0554541014134884	0.0595336183905602
0.0077939624898136	0.0841156542301178	0.0576551556587219
0.0075625129975379	0.0887426659464836	0.0506017468869686
0.0076099168509245	0.0454295016825199	0.0616020038723946
0.0083324005827308	0.0848557129502296	0.0714692026376724
0.0082169855013490	0.0901324823498726	0.0672821700572968
0.0079996231943369	0.0910470187664032	0.0614319220185280
0.0081083234399557	0.0855743959546089	0.0654887482523918
0.0084278210997581	0.0915481224656105	0.0724373534321785
0.0078636361286044	0.0599215216934681	0.0649213194847107
0.0074908020906150	0.0761703774333000	0.0515754185616970
0.0078830262646079	0.0785553082823753	0.0612219162285328
0.0072902464307845	0.0324907004833221	0.0562198609113693
0.0079777063801885	0.0739501863718033	0.0647190511226654
0.0077122868970037	0.0480072237551212	0.0636787042021751
0.0071155009791255	0.0182941481471062	0.0548845455050468
0.0071397833526134	0.0254794359207153	0.0538943745195866
0.0079877208918333	0.0787813812494278	0.0638894066214561
0.0075884289108217	0.0581407509744167	0.0581769943237305
0.0078912191092968	0.0731157734990120	0.0626615434885025
0.0071254624053836	0.0282594040036201	0.0528955273330212
0.0069965957663953	0.0195603743195534	0.0515114665031433
0.0072836941108108	0.0502597540616989	0.0520418882369995
0.0074847503565252	0.0775676146149635	0.0511031299829483
0.0080919414758682	0.0911519378423691	0.0638053715229034
0.0079682078212500	0.0635491460561752	0.0668183714151382
0.0073844953440130	0.0767270997166634	0.0486895069479942
0.0104275532066822	0.0138399079442024	0.0678128302097321
0.0112392846494913	0.0274730995297432	0.0738420709967613
0.0103567969053984	0.0260427370667458	0.0699807256460190
0.0091883940622211	0.0303164944052696	0.0661088526248932
0.0119971800595522	-0.0044003799557686	0.0705002993345261
0.0094397878274322	0.0419476777315140	0.0694663301110268
0.0108391251415014	0.0071963295340538	0.0681432411074638
0.0100264241918921	0.0611325316131115	0.0757006630301476
0.0093796243891120	0.0585047602653503	0.0725528970360756
0.0088591510429978	0.0516320765018463	0.0690629035234451
0.0091381808742881	0.0334734842181206	0.0665405020117760
0.0092149609699845	0.0791540443897247	0.0760393887758255
0.0079452395439148	0.0111290514469147	0.0572154186666012
0.0109007861465216	0.0274912714958191	0.0724749639630318
0.0111210122704506	0.0053699836134911	0.0689174011349678
0.0097082257270813	0.0460120104253292	0.0713708475232124
0.0122924940660596	-0.0077672153711319	0.0710189938545227
0.0107664410024881	-0.0009394660592079	0.0662125125527382
0.0088697047904134	0.0287965908646584	0.0645126178860664
0.0116565991193056	0.0190281495451927	0.0738334134221077
0.0089422399178147	0.0674760490655899	0.0725861415266991
0.0091468114405870	0.0158725269138813	0.0630352795124054
0.0085911378264427	0.0648352429270744	0.0706331878900528
0.0091907447203994	0.0375988632440567	0.0675831213593483
0.0109094046056271	0.0032627806067467	0.0676366612315178
0.0105958785861731	0.0053866431117058	0.0667942166328430
0.0118409115821123	-0.0046523362398148	0.0698168128728867
0.0094174072146416	0.0388336144387722	0.0687493458390236
0.0089677600190043	0.0236357823014259	0.0638716742396355
0.0094197122380137	0.0418577976524830	0.0693669468164444
0.0107285864651203	0.0310974381864071	0.0725029632449150
0.0092955054715276	0.0055410079658031	0.0615593865513802
0.0074394415132701	0.0211456343531609	0.0571818649768829
0.0090430276468396	0.0184943825006485	0.0631423518061638
0.0079601984471083	0.0419725812971592	0.0634797140955925
0.0073247919790447	0.0150297665968537	0.0554874725639820
0.0076805991120636	0.0352111719548702	0.0609875097870827
0.0090628592297435	0.0310248769819736	0.0657429844141006
0.0088420696556568	0.0818637236952782	0.0750743746757507
0.0091001912951469	0.0159890912473202	0.0628699362277985
0.0096117546781898	0.0055486746132374	0.0628415867686272
0.0121704684570432	0.0018352717161179	0.0724562406539917
0.0082593541592360	0.0372831076383591	0.0637479275465012
0.0103677604347467	0.0371970012784004	0.0722686350345612
0.0114924823865294	0.0232177227735519	0.0740114822983742
0.0084542380645871	0.0137648023664951	0.0598067529499531
0.0095039149746299	0.0252057835459709	0.0663586184382439
0.0100010242313147	-0.0033414326608181	0.0626298263669014
0.0123484022915363	0.0002319961786270	0.0728543177247047
0.0085028167814016	0.0737744122743607	0.0720735192298889
0.0088342688977718	0.0497175753116608	0.0685770660638809
0.0096027506515384	0.0398852080106735	0.0697114095091820
0.0099862702190876	0.0465123802423477	0.0725974291563034
0.0076233060099185	0.0399585366249084	0.0617103651165962
0.0104445545002818	0.0301581211388111	0.0711638480424881
0.0097922123968601	-0.0016145855188370	0.0621315650641918
0.0077448338270187	0.0305889043956995	0.0603179298341274
0.0077230413444340	0.0401277653872967	0.0621482841670513
0.0086781568825245	0.0744803175330162	0.0729255452752113
0.0086409747600555	0.0404874607920647	0.0659378170967102
0.0122725544497371	-0.0000148415565491	0.0724975168704987
0.0089319711551070	0.0568614527583122	0.0704095959663391
0.0070723500102758	0.0091194482520223	0.0532764345407486
0.0124370679259300	-0.0077066570520401	0.0716166198253632
0.0121945729479194	0.0009113848209381	0.0723680257797241
0.0085999695584178	0.0384328849613667	0.0653585121035576
0.0100893070921302	0.0448215305805206	0.0726745948195457
0.0081236558035016	0.0506190359592438	0.0658807381987572
0.0086225597187877	0.0292175170034170	0.0635964646935463
0.0073748324066401	0.0251091886311769	0.0577174387872219
0.0091912504285574	0.0808103829622269	0.0762765258550644
0.0092847617343068	0.0785929709672928	0.0762091949582100
0.0073055764660239	0.0139705510810018	0.0551966167986393
0.0121545391157269	0.0022050514817238	0.0724661126732826
0.0110791437327862	-0.0018238574266434	0.0673009231686592
0.0106147900223732	0.0268911309540272	0.0711961090564728
0.0106552392244339	0.0169173888862133	0.0693538412451744
0.0117211677134037	0.0126733481884003	0.0728166997432709
0.0084290327504277	0.0761635005474091	0.0722552537918091
0.0081735672429204	0.0583798252046108	0.0676438212394714
0.0087741427123547	0.0006829760968685	0.0584710016846657
0.0080554839223623	0.0197753496468067	0.0594009272754192
0.0091277165338397	0.0009585283696651	0.0599582269787788
0.0094420583918691	0.0383778102695942	0.0687574967741966
0.0087334532290697	0.0117758605629206	0.0605373941361904
0.0077499616891146	0.0223003551363945	0.0586715750396252
0.0114547768607736	0.0120786949992180	0.0716183483600616
0.0105011034756899	0.0348378233611584	0.0723340958356857
0.0092894118279219	0.0351153463125229	0.0674831494688988
0.0086840884760022	0.0794685184955597	0.0739528685808182
0.0088837742805481	0.0184884313493967	0.0624962560832500
0.0084750214591622	0.0004108957946301	0.0572049766778946
0.0100087877362967	0.0025750212371349	0.0638512670993805
0.0104989148676395	0.0381634160876274	0.0729941204190254
0.0086272638291121	0.0538971237838268	0.0685794427990913
0.0095766112208366	0.0051397047936916	0.0626170188188553
0.0085243899375200	0.0358248054981232	0.0645278841257095
0.0086091049015522	0.0558442994952202	0.0688975602388382
0.0096979262307286	0.0091627947986126	0.0639174655079842
0.0095183085650206	0.0584924146533012	0.0731120184063911
0.0090171480551362	0.0413958579301834	0.0676438435912132
0.0094788102433085	0.0632281005382538	0.0739045813679695
0.0089178374037147	0.0195155236870050	0.0628407821059227
0.0089442729949951	0.0147988796234131	0.0619991421699524
0.0090133687481284	0.0176275707781315	0.0628479048609734
0.0091623542830348	0.0226089172065258	0.0644531473517418
0.0113770328462124	-0.0017352104187012	0.0685250610113144
0.0081554679200053	0.0163654088973999	0.0591199547052383
0.0083538200706244	0.0001912098377943	0.0566699840128422
0.0098291421309114	0.0462449565529823	0.0719073489308357
0.0119086047634482	-0.0050335675477982	0.0700142532587051
0.0086330091580749	0.0022589303553104	0.0582164563238621
0.0078504765406251	0.0325740315020084	0.0611450113356113
0.0116117261350155	0.0177463442087173	0.0733938813209534
0.0082748830318451	0.0782626345753670	0.0395147427916527
0.0080512305721641	0.0795055180788040	0.0406800173223019
0.0159647576510906	0.1049537882208824	0.0654833689332008
0.0117414882406592	0.1003965735435486	0.0685657188296318
0.0149787543341517	0.1016258746385574	0.0578418411314487
0.0155893415212631	0.1062270477414131	0.0719558671116829
0.0175308231264353	0.1028896495699883	0.0504760444164276
0.0145433153957129	0.1044233739376068	0.0702266693115234
0.0139646064490080	0.1043389067053795	0.0726433470845222
0.0192870721220970	0.1029627621173859	0.0424652285873890
0.0167015176266432	0.1046043336391449	0.0607189238071442
0.0112958615645766	0.1012108474969864	0.0736741423606873
0.0187340639531612	0.1066801249980927	0.0588015913963318
0.0198926664888859	0.1030259504914284	0.0398431532084942
0.0171222146600485	0.1061579138040543	0.0644729807972908
0.0158818215131760	0.1028256863355637	0.0580149590969086
0.0174264572560787	0.1023432910442352	0.0489503070712090
0.0131609551608562	0.1024508401751518	0.0694596320390701
0.0151324365288019	0.1054135635495186	0.0711058676242828
0.0184046179056168	0.1057175099849701	0.0567998513579369
0.0169547665864229	0.1074831262230873	0.0701567232608795
0.0167871322482824	0.1082302033901215	0.0737062543630600
0.0181771684437990	0.1094314754009247	0.0715886652469635
0.0181405972689390	0.1086103171110153	0.0687283799052238
0.0095484862104058	0.1000418663024902	0.0775958597660065
0.0146432295441628	0.1032830178737640	0.0655439943075180
0.0202159844338894	0.1076437160372734	0.0607001781463623
0.0206848010420799	0.1050712764263153	0.0482072159647942
0.0198501348495483	0.1046895086765289	0.0472617335617542
0.0204195585101843	0.1075838133692741	0.0602157041430473
0.0218385700136423	0.1093804687261581	0.0671863108873367
0.0194071792066097	0.1054173409938812	0.0511081740260124
0.0206630229949951	0.1079964637756348	0.0618995167315006
0.0206182505935431	0.1058826744556427	0.0520660430192947
0.0120925465598702	0.0789562314748764	0.0350176468491554
0.0103803053498268	0.0771679505705833	0.0361523516476154
0.0148568172007799	0.0751117467880249	0.0296294204890728
0.0145646631717682	0.0886790230870247	0.0371519885957241
0.0137835256755352	0.0850864648818970	0.0362026691436768
0.0122906286269426	0.0805755853652954	0.0356326103210449
0.0129646286368370	0.0474673174321651	0.0173225551843643
0.0107741355895996	0.0637818723917007	0.0286020338535309
0.0116219390183687	0.0860434249043465	0.0393334403634071
0.0165154077112675	0.0756679251790047	0.0279089398682117
0.0156748257577419	0.0969535559415817	0.0401752553880215
0.0166195016354322	0.0774467438459396	0.0287222899496555
0.0136605389416218	0.0726393163204193	0.0297760590910912
0.0088368011638522	0.0826240852475166	0.0409094430506229
0.0147387655451894	0.0723317712545395	0.0283040925860405
0.0135748395696282	0.0778021290898323	0.0326077155768871
0.0132229579612613	0.0479034036397934	0.0172392092645168
0.0104289371520281	0.0693667083978653	0.0319718010723591
0.0092370146885514	0.0876022204756737	0.0430534034967422
0.0150039531290531	0.0948605760931969	0.0398842729628086
0.0116875106468797	0.0781524553894997	0.0350849106907845
0.0116668082773685	0.0881138816475868	0.0403727963566780
0.0120958741754293	0.0509759262204170	0.0202312786132097
0.0107330931350589	0.0723966211080551	0.0332031510770321
0.0130689386278391	0.0784198865294456	0.0335484892129898
0.0130784697830677	0.0735496431589127	0.0309639014303684
0.0137119768187404	0.0880229026079178	0.0378409214317799
0.0177879817783833	0.0900142490863800	0.0339427590370178
0.0127671658992767	0.0554836653172970	0.0217975042760372
0.0146472873166203	0.0803626552224159	0.0326580069959164
0.0147981736809015	0.0865308046340942	0.0357334688305855
0.0188832096755505	0.1008304879069328	0.0383269786834717
0.0172312557697296	0.0989309847354889	0.0393297076225281
0.0106082446873188	0.0734961256384850	0.0339356586337090
0.0108509100973606	0.0836534872651100	0.0390072017908096
0.0156049616634846	0.0874854326248169	0.0352579839527607
0.0155397960916162	0.0792947635054588	0.0310098957270384
0.0101181026548147	0.0683342218399048	0.0318038277328014
0.0123996715992689	0.0519468449056149	0.0203752703964710
0.0163215380162001	0.0851397365331650	0.0331484563648701
0.0130847860127687	0.0497014634311199	0.0183569546788931
0.0076950038783252	0.0868682190775871	0.0445383563637733
0.0180544536560774	0.0918396264314651	0.0345835052430630
0.0140134403482080	0.0885321944952011	0.0377438664436340
0.0122636407613754	0.0653778314590454	0.0276362244039774
0.0129602188244462	0.0637369006872177	0.0259233228862286
0.0148726450279355	0.0655959770083427	0.0245829019695520
0.0092079238966107	0.0817726701498032	0.0400089100003242
0.0169113837182522	0.0807371139526367	0.0301061458885670
0.0174653884023428	0.0854436382651329	0.0319198332726955
0.0132617698982358	0.0945972055196762	0.0423487424850464
0.0116778137162328	0.0993675962090492	0.0653296783566475
0.0142535157501698	0.0963590070605278	0.0436038821935654
0.0152197014540434	0.0992456898093224	0.0486820824444294
0.0088051110506058	0.0920510813593864	0.0544026568531990
0.0150471553206444	0.0974936485290527	0.0437015928328037
0.0135272536426783	0.0955254957079887	0.0441891960799694
0.0160987228155136	0.1003219783306122	0.0481959059834480
0.0125045441091061	0.0936977639794350	0.0428588911890984
0.0102303307503462	0.0994876846671104	0.0723646134138107
0.0103781651705503	0.0973252058029175	0.0645624324679375
0.0088239125907421	0.0942762494087219	0.0616470053792000
0.0123592605814338	0.0952875390648842	0.0487626306712627
0.0087533565238118	0.0900357216596603	0.0480006225407124
0.0135736744850874	0.1005370169878006	0.0604862421751022
0.0149678578600287	0.1006470695137978	0.0544539615511894
0.0111803244799376	0.0974064841866493	0.0611508674919605
0.0182872321456671	0.1010508090257645	0.0405586808919907
0.0103490315377712	0.0949970111250877	0.0570260509848595
0.0096840187907219	0.0948049202561378	0.0594435110688210
0.0142997652292252	0.0966114923357964	0.0442235358059406
0.0090288203209639	0.0910992100834846	0.0502406843006611
0.0110492566600442	0.0947154015302658	0.0528865233063698
0.0095192557200789	0.0916898250579834	0.0499368831515312
0.0098912939429283	0.0974000990390778	0.0670423731207848
0.0112630510702729	0.0937153846025467	0.0486114397644997
0.0118316318839788	0.0982239320874214	0.0608564317226410
0.0117732714861631	0.0975046902894974	0.0587546564638615
0.0097067244350910	0.0954228341579437	0.0613750480115414
0.0151192117482424	0.1009806543588638	0.0548586770892143
0.0088492091745138	0.0932387635111809	0.0581130795180798
0.0126114953309298	0.0994809344410896	0.0614204108715057
0.0135549027472734	0.0995350852608681	0.0572715997695923
0.0097312368452549	0.0944223478436470	0.0579665824770927
0.0071215257048607	0.0559559315443039	0.0466726198792458
0.0070098261348903	0.0361643172800541	0.0479288101196289
0.0071770851500332	0.0571523420512676	0.0445435456931591
0.0071813417598605	0.0637876018881798	0.0455186590552330
0.0069340239278972	0.0241271033883095	0.0490237288177013
0.0072748833335936	0.0734290853142738	0.0432607457041740
0.0070469169877470	0.0437500476837158	0.0476880148053169
0.0070611923001707	0.0399477407336235	0.0464261025190353
0.0070999301970005	0.0530608408153057	0.0470774918794632
0.0069897733628750	0.0309101156890392	0.0478584170341492
0.0071403593756258	0.0548193305730820	0.0456826575100422
0.0069620325230062	0.0044477516785264	0.0487060621380806
0.0072590233758092	0.0472475662827492	0.0440134592354298
0.0070908730849624	0.0244187787175179	0.0465967543423176
0.0071193873882294	0.0144861387088895	0.0468821786344051
0.0090546039864421	0.0416844747960567	0.0328645221889019
0.0082884142175317	0.0405255705118179	0.0378265976905823
0.0077292392961681	0.0341038368642330	0.0417815558612347
0.0104600824415684	0.0328026562929153	0.0244207642972469
0.0079532694071531	0.0303730480372906	0.0405741408467293
0.0075534386560321	0.0387693494558334	0.0426250696182251
0.0091594867408276	0.0403563939034939	0.0322742164134979
0.0093932114541531	0.0294559672474861	0.0314338207244873
0.0078892027959228	0.0417516157031059	0.0403025373816490
0.0104138553142548	0.0345211364328861	0.0246131531894207
0.0074812415987253	0.0495122037827969	0.0424434170126915
0.0101939328014851	0.0358922518789768	0.0259355101734400
0.0078578731045127	0.0155027331784368	0.0420729368925095
0.0090733766555786	0.0381801165640354	0.0329542905092239
0.0077043576166034	0.0405519381165504	0.0415546894073486
0.0080514410510659	0.0313576199114323	0.0398883335292339
0.0085096573457122	0.0482888892292976	0.0359493419528008
0.0088364249095321	0.0287153143435717	0.0350336544215679
0.0097396560013294	0.0368834584951401	0.0287771411240101
0.0094814505428076	0.0351918116211891	0.0305271930992603
0.0080587025731802	0.0169547088444233	0.0407036170363426
0.0080303149297833	0.0180612131953239	0.0408186987042427
0.0081381164491177	0.0438155233860016	0.0385895483195782
0.0073975333943963	0.0188250076025724	0.0448138192296028
0.0083022126927972	0.0355792306363583	0.0380343943834305
0.0094032604247332	0.0317994430661201	0.0312294382601976
0.0080382470041513	0.0252997204661369	0.0403350032866001
0.0086745144799352	0.0457047633826733	0.0350511893630028
0.0101516367867589	0.0394787825644016	0.0259910430759192
0.0077417264692485	0.0509892031550407	0.0406916551291943
0.0108941588550806	0.0363718755543232	0.0214353092014790
0.0098882289603353	0.0406683720648289	0.0276019461452961
0.0081707946956158	0.0243959780782461	0.0395426414906979
0.0088712200522423	0.0293954554945230	0.0347707681357861
0.0076437261886895	0.0405549779534340	0.0419416911900043
0.0084382034838200	0.0270965136587620	0.0376734584569931
0.0077299508266151	0.0255751349031925	0.0422872416675091
0.0096581429243088	0.0385657623410225	0.0291970185935497
0.0073177576996386	0.0223729498684406	0.0451110005378723
0.0093255834653974	0.0277229249477386	0.0319693535566330
0.0097582945600152	0.0412528589367867	0.0283967163413763
0.0097245248034596	0.0312933772802353	0.0292081832885742
0.0097903423011303	0.0277782827615738	0.0289981830865145
0.0078639835119247	0.0184793192893267	0.0418558493256569
0.0099554583430290	0.0357063040137291	0.0274694859981537
0.0072233760729432	0.0275206509977579	0.0454057417809963
0.0081654870882630	0.0458609424531460	0.0382923930883408
0.0078004635870457	0.0459247641265392	0.0406195446848869
0.0082432795315981	0.0244070291519165	0.0390791073441505
0.0073434049263597	0.0173133201897144	0.0452499166131020
0.0094524975866079	0.0394912213087082	0.0304548665881157
0.0091818105429411	0.0330054201185703	0.0325714349746704
0.0085379136726260	0.0184737872332335	0.0375525951385498
0.0088955890387297	0.0456126220524311	0.0336449593305588
0.0092112179845572	0.0270543042570353	0.0327396690845490
0.0095008872449398	0.0450181961059570	0.0298152100294828
0.0070947930216789	0.0333729386329651	0.0461365878582001
0.0071161314845085	0.0407853722572327	0.0456096902489662
0.0072638150304556	0.0624885372817516	0.0432779565453529
0.0068871285766363	0.0030710077844560	0.0494232736527920
0.0070219291374087	0.0326250195503235	0.0469935089349747
0.0068805287592113	0.0060602352023125	0.0494463071227074
0.0092259868979454	0.0515525899827480	0.0312726423144341
0.0079065468162298	0.0550234839320183	0.0394711904227734
0.0107080843299627	0.0412517413496971	0.0223355274647474
0.0087179746478796	0.0531388185918331	0.0344186350703239
0.0080209299921989	0.0647002235054970	0.0383363403379917
0.0081927832216024	0.0584497302770615	0.0375149734318256
0.0082730185240507	0.0576010011136532	0.0370435267686844
0.0074603254906833	0.0597594045102596	0.0420924499630928
0.0106743592768908	0.0415821559727192	0.0225348137319088
0.0096836443990469	0.0506468228995800	0.0284162480384111
0.0085435938090086	0.0497386828064919	0.0356662049889565
0.0079331668093801	0.0518672466278076	0.0394369624555111
0.0087677901610732	0.0548279397189617	0.0340317301452160
0.0080725178122520	0.0609072558581829	0.0381712503731251
0.0083017675206065	0.0507249236106873	0.0371539518237114
0.0075101060792804	0.0541949942708015	0.0420140810310841
0.0091482503339648	0.0498315244913101	0.0318375229835510
0.0075913886539638	0.0543918833136559	0.0414915643632412
0.0086572831496596	0.0595839507877827	0.0345285870134830
0.0073321401141584	0.0534637868404388	0.0431708842515945
0.0089976750314236	0.0551831349730492	0.0325625091791153
0.0098129557445645	0.0568809732794762	0.0292019788175821
0.0102238813415170	0.0541007220745087	0.0268745291978121
0.0106717180460691	0.0464776903390884	0.0229960642755032
0.0087647382169962	0.0619516149163246	0.0345484055578709
0.0106258243322372	0.0457512065768242	0.0229530241340399
0.0104536060243845	0.0506093464791775	0.0250074230134487
0.0089190267026424	0.0586444325745106	0.0330132581293583
0.0100396433845162	0.0506063513457775	0.0265328902751207
0.0246450453996658	0.1090160310268402	0.0728389471769333
0.0198465343564749	0.1098810806870461	0.0729382857680321
0.0236679632216692	0.1099137887358665	0.0705671831965446
0.0285182464867830	0.1079216077923775	0.0721674859523773
0.0285321548581123	0.1078968271613121	0.0703159049153328
0.0196977201849222	0.0373728275299072	0.0082985982298851
0.0234392657876015	0.0738829448819160	0.0239456798881292
0.0217135995626450	0.0867043584585190	0.0300961229950190
0.0224905870854855	0.0774356573820114	0.0255634114146233
0.0242959354072809	0.0716102570295334	0.0229567438364029
0.0259509589523077	0.0475003942847252	0.0110988710075617
0.0220668911933899	0.0806410312652588	0.0271024536341429
0.0236094202846289	0.0550921112298965	0.0144979683682323
0.0223614312708378	0.0853103399276733	0.0295120310038328
0.0262471716850996	0.0510966405272484	0.0129674552008510
0.0259824115782976	0.0484362021088600	0.0115767223760486
0.0224654711782932	0.0747631341218948	0.0242106392979622
0.0250579975545406	0.0424228496849537	0.0083733284845948
0.0238671898841858	0.0702326893806458	0.0221829973161221
0.0168760120868683	0.0383465625345707	0.0100851533934474
0.0271122232079506	0.0400963760912418	0.0077539505437016
0.0247011352330446	0.0402179732918739	0.0073362789116800
0.0232644695788622	0.0541279092431068	0.0140490643680096
0.0212456956505775	0.0757714137434959	0.0247239675372839
0.0217244829982519	0.0651097595691681	0.0195194035768509
0.0219257585704327	0.0591185018420219	0.0166018083691597
0.0213475655764341	0.0717179030179977	0.0227535963058472
0.0213072579354048	0.0796856433153152	0.0266099106520414
0.0208720453083515	0.0845831036567688	0.0290231555700302
0.0234652757644653	0.0541752465069294	0.0140509530901909
0.0214480701833963	0.0501000471413136	0.0124914199113846
0.0163340196013451	0.0504441112279892	0.0162135995924473
0.0196434073150158	0.0619773454964161	0.0192626416683197
0.0199282281100750	0.0654535070061684	0.0206780657172203
0.0188545938581228	0.0805110037326813	0.0284164752811193
0.0156379677355289	0.0499755442142487	0.0164809301495552
0.0206554569303989	0.0645129382610321	0.0197348147630692
0.0195202585309744	0.0536067150533199	0.0154623221606016
0.0177033022046089	0.0472413599491119	0.0137728648260236
0.0171092767268419	0.0751617178320885	0.0271488297730684
0.0180791877210140	0.0830643326044083	0.0301420222967863
0.0182606577873230	0.0734486281871796	0.0255514699965715
0.0160029381513596	0.0496391206979752	0.0160705074667931
0.0187944713979959	0.0724641159176826	0.0247225500643253
0.0201024673879147	0.0483853854238987	0.0126327248290181
0.0179593451321125	0.0625891834497452	0.0207198113203049
0.0203438978642225	0.0442328453063965	0.0105367060750723
0.0144753567874432	0.0510061085224152	0.0177692547440529
0.0162027049809694	0.0413116328418255	0.0120652727782726
0.0202679596841335	0.0443065464496613	0.0106238229200244
0.0207059606909752	0.0824921056628227	0.0280465520918369
0.0136730466037989	0.0498335249722004	0.0177837628871202
0.0201251171529293	0.0811212807893753	0.0278147570788860
0.0204973015934229	0.0773620754480362	0.0258102640509605
0.0179836712777615	0.0820077061653137	0.0297180134803057
0.0178860183805227	0.0790008902549744	0.0283901095390320
0.0178758818656206	0.0474432632327080	0.0137463798746467
0.0190376471728086	0.0583777651190758	0.0180134922266006
0.0205225329846144	0.0511019527912140	0.0136012872681022
0.0158829800784588	0.0525601282715797	0.0175101645290852
0.0184620264917612	0.0485573261976242	0.0138552794232965
0.0165696442127228	0.0559721849858761	0.0186159014701843
0.0185651462525129	0.0546626821160316	0.0166178885847330
0.0185759086161852	0.0569283328950405	0.0176622346043587
0.0236453730612993	0.0399102158844471	0.0074116238392889
0.0156346224248409	0.0407444462180138	0.0121358726173639
0.0128248780965805	0.0396417789161205	0.0143767902627587
0.0241346415132284	0.1043912023305893	0.0509229376912117
0.0252812765538692	0.1031478419899940	0.0508495122194290
0.0291632339358330	0.1025767922401428	0.0585890039801598
0.0258819907903671	0.1048672869801521	0.0560162365436554
0.0296109095215797	0.1027391329407692	0.0599825568497181
0.0252607241272926	0.1043323799967766	0.0534025579690933
0.0259527061134577	0.1048127189278603	0.0560602545738220
0.0234007630497217	0.1029927879571915	0.0461525470018387
0.0251914244145155	0.1049252226948738	0.0545436218380928
0.0238949880003929	0.1086288169026375	0.0660872310400009
0.0234778206795454	0.1071528643369675	0.0598629191517830
0.0247652735561132	0.1089206561446190	0.0685400515794754
0.0227572023868561	0.1078420281410217	0.0613491460680962
0.0278389863669872	0.1074056327342987	0.0675835683941841
0.0227066073566675	0.1046453490853310	0.0491914935410023
0.0224787890911102	0.1089081689715385	0.0649458616971970
0.0229460392147303	0.1091147065162659	0.0664511322975159
0.0248729735612869	0.1059148609638214	0.0573492050170898
0.0245179608464241	0.1082735359668732	0.0657111480832100
0.0250571742653847	0.1084448844194412	0.0671950876712799
0.0301425252109766	0.0962704569101334	0.0487668216228485
0.0288766399025917	0.0958703830838203	0.0448506101965904
0.0249219201505184	0.0990408584475517	0.0418999269604683
0.0310157574713230	0.0998706445097923	0.0584499612450600
0.0288150198757648	0.1002379059791565	0.0538737773895264
0.0287033747881651	0.0994080677628517	0.0518596246838570
0.0323110558092594	0.0981320366263390	0.0579458624124527
0.0286651272326708	0.1002848073840141	0.0536080673336983
0.0298218391835690	0.0955885276198387	0.0465553626418114
0.0303050726652145	0.0969801023602486	0.0506522096693516
0.0300444401800632	0.0931181237101555	0.0419077910482883
0.0245504043996334	0.0990863889455795	0.0410928055644035
0.0293417479842901	0.0948163717985153	0.0437670722603798
0.0316623710095882	0.0976705104112625	0.0554003082215786
0.0254754722118378	0.0972583144903183	0.0395011752843857
0.0276416540145874	0.0968306139111519	0.0438664704561234
0.0315240845084190	0.0962448120117188	0.0520699769258499
0.0237476211041212	0.0997907593846321	0.0406214855611324
0.0225496347993612	0.1019042506814003	0.0421493984758854
0.0324385240674019	0.1005632057785988	0.0630932524800301
0.0249226260930300	0.1024203598499298	0.0485515184700489
0.0277023836970329	0.1017023250460625	0.0538841523230076
0.0284490082412958	0.1019052863121033	0.0558961108326912
0.0334901437163353	0.0633329749107361	0.0282747596502304
0.0324916355311871	0.0838714614510536	0.0409572534263134
0.0324616543948650	0.0828627496957779	0.0399911850690842
0.0313483923673630	0.0881075859069824	0.0395023338496685
0.0336339063942432	0.0615990012884140	0.0274622775614262
0.0342225320637226	0.0486142523586750	0.0192589703947306
0.0332409963011742	0.0815324634313583	0.0422735624015331
0.0334006845951080	0.0736183375120163	0.0364091172814369
0.0335352011024952	0.0692597180604935	0.0333815924823284
0.0330628007650375	0.0773350819945335	0.0380215346813202
0.0342340171337128	0.0478296875953674	0.0186587404459715
0.0332047156989574	0.0685928240418434	0.0313936658203602
0.0329473614692688	0.0750178694725037	0.0356000252068043
0.0328003168106079	0.0776905268430710	0.0371760874986649
0.0323329269886017	0.0758955106139183	0.0336587689816952
0.0327459499239922	0.0754233822226524	0.0350613147020340
0.0332576036453247	0.0724761411547661	0.0348412320017815
0.0328411534428596	0.0675053820014000	0.0289135966449976
0.0318618081510067	0.0856037512421608	0.0396573469042778
0.0333215147256851	0.0684536471962929	0.0317855887115002
0.0317272059619427	0.0830508321523666	0.0369573049247265
0.0314200036227703	0.1043384447693825	0.0682472214102745
0.0362171344459057	0.0941300690174103	0.0755174830555916
0.0319744609296322	0.0943267121911049	0.0495940819382668
0.0331889092922211	0.0933006703853607	0.0542820245027542
0.0347653552889824	0.0946935638785362	0.0640569329261780
0.0336720086634159	0.0973256230354309	0.0621497072279453
0.0325721316039562	0.0960324481129646	0.0548946559429169
0.0337417759001255	0.0987883880734444	0.0644795820116997
0.0334508195519447	0.0984329208731651	0.0625422447919846
0.0328110344707966	0.0944160595536232	0.0539014264941216
0.0184687003493309	0.1039585471153259	0.0809747800230980
0.0173298735171556	0.1027823910117149	0.0816651210188866
0.0328796952962875	0.1021623164415359	0.0722967386245728
0.0351338237524033	0.0698977932333946	0.0429464727640152
0.0346189104020596	0.0543067604303360	0.0262560863047838
0.0357133299112320	0.0876895487308502	0.0619433894753456
0.0340610370039940	0.0655279681086540	0.0326013714075089
0.0362765341997147	0.0925424844026566	0.0695979073643684
0.0358656421303749	0.0817446410655975	0.0577073842287064
0.0352010540664196	0.0760657638311386	0.0487163588404655
0.0348159857094288	0.0515494570136070	0.0250630900263786
0.0344374105334282	0.0552952177822590	0.0260071363300085
0.0355818606913090	0.0743611827492714	0.0495595633983612
0.0343527458608150	0.0520895235240459	0.0227048601955175
0.0352657325565815	0.0784225314855576	0.0511590018868446
0.0350863896310329	0.0783199369907379	0.0499751754105091
0.0350005738437176	0.0639329329133034	0.0369501300156116
0.0351377204060555	0.0637615174055099	0.0376382805407047
0.0340945087373257	0.0670120790600777	0.0340952351689339
0.0357441157102585	0.0788592845201492	0.0544584393501282
0.0353158935904503	0.0836295634508133	0.0559896789491177
0.0352136120200157	0.0642447024583817	0.0385213717818260
0.0341561585664749	0.0661643147468567	0.0337348952889442
0.0346600189805031	0.0674495995044708	0.0379271581768990
0.0349367074668407	0.0568433552980423	0.0303999539464712
0.0344667546451092	0.0576553344726563	0.0282370224595070
0.0345622859895229	0.0682478100061417	0.0380242206156254
0.0348311550915241	0.0576476715505123	0.0304546002298594
0.0352769382297993	0.0798470079898834	0.0524651668965816
0.0350632034242153	0.0650398284196854	0.0382942035794258
0.0359155386686325	0.0852159336209297	0.0610282495617867
0.0341995172202587	0.0666953623294830	0.0344609916210175
0.0354034341871738	0.0797499418258667	0.0531529113650322
0.0353939011693001	0.0697453916072845	0.0444014966487885
0.0352190881967545	0.0640838071703911	0.0384149849414825
0.0355473458766937	0.0734479203820229	0.0485553368926048
0.0346326604485512	0.0772354528307915	0.0462633594870567
0.0347986258566380	0.0869589820504189	0.0558076240122318
0.0355039052665234	0.0915696620941162	0.0645004361867905
0.0335155092179775	0.0922681242227554	0.0548635721206665
0.0327924191951752	0.0903664678335190	0.0490350350737572
0.0343559719622135	0.0891545712947845	0.0559148937463760
0.0341368578374386	0.0842161253094673	0.0494592897593975
0.0349757596850395	0.0902870222926140	0.0603758916258812
0.0356664061546326	0.0937399491667747	0.0677022784948349
0.0322159528732300	0.0870746970176697	0.0424794778227806
0.0343010760843754	0.0851719081401825	0.0513462014496326
0.0345061942934990	0.0891847088932991	0.0567334890365601
0.0343435406684875	0.0924162492156029	0.0593562200665474
0.0329989492893219	0.0878072604537010	0.0473647117614746
0.0359030179679394	0.0950566977262497	0.0703560858964920
0.0345597863197327	0.0886823385953903	0.0564738884568214
0.0332862474024296	0.0841975063085556	0.0449876971542835
0.0335835814476013	0.0872326046228409	0.0498065538704395
0.0345301516354084	0.0923514962196350	0.0602632090449333
0.0361335836350918	0.0956986919045448	0.0730919167399406
0.0331514962017536	0.0930817946791649	0.0815682411193848
0.0182182416319847	0.1023953035473824	0.0824885293841362
0.0245567206293344	0.1069012284278870	0.0783018544316292
0.0289249978959560	0.1066270917654037	0.0740363076329231
0.0291345119476318	0.1064417213201523	0.0740780010819435
0.0114999078214169	0.1011528596282005	0.0780034586787224
0.0181165803223848	0.1090290769934654	0.0746408104896545
0.0181327220052481	0.1078781187534332	0.0759794935584068
0.0176533050835133	0.1082802712917328	0.0751034021377563
0.0163628198206425	0.1039581820368767	0.0789659246802330
0.0162653774023056	0.1033159345388412	0.0796211883425713
0.0313844606280327	0.1040348038077354	0.0746186450123787
0.0301088783890009	0.1024724766612053	0.0788957476615906
0.0317847467958927	0.1040648221969604	0.0738439410924911
0.0323455855250359	0.1013149842619896	0.0762008652091026
0.0275978129357100	0.1043939664959908	0.0808812379837036
0.0269882660359144	0.1049845442175865	0.0798890292644501
0.0226912256330252	0.1057892292737961	0.0816019177436829
0.0359519720077515	0.0839674919843674	0.0781815573573112
0.0377129279077053	0.0573142133653164	0.0785056874155998
0.0354982204735279	0.0835754126310349	0.0789520218968391
0.0363663695752621	0.0866998583078384	0.0771986097097397
0.0325255319476128	0.0844799727201462	0.0835910886526108
0.0320684760808945	0.0914407074451447	0.0835019126534462
0.0321086421608925	0.0864598453044891	0.0840237066149712
0.0354943946003914	0.0712160319089890	0.0804119780659676
0.0354023687541485	0.0745854973793030	0.0801625326275826
0.0343419574201107	0.0922606810927391	0.0797761678695679
0.0335493944585323	0.0866284817457199	0.0817039087414742
0.0374175235629082	0.0575468353927135	0.0789499059319496
0.0352776981890202	0.0860993117094040	0.0790071636438370
0.0362381823360920	0.0820392593741417	0.0779514759778976
0.0365543775260448	0.0773599818348885	0.0779971480369568
0.0360432229936123	0.0860925614833832	0.0777859017252922
0.0338007546961308	0.0888757482171059	0.0810382962226868
0.0316824167966843	0.0899346396327019	0.0842953696846962
0.0374771766364574	0.0661475881934166	0.0778429582715034
0.0278885941952467	0.1013929396867752	0.0825683474540710
0.0273094698786736	0.1039887666702271	0.0815179124474525
0.0267237294465303	0.1030855253338814	0.0821918994188309
0.0298377461731434	0.1007892638444901	0.0808916240930557
0.0306788198649883	0.0947679728269577	0.0845513045787811
0.0318698808550835	0.0949252545833588	0.0827095136046410
0.0321158803999424	0.0990559756755829	0.0790141746401787
0.0324637889862061	0.0957383587956429	0.0811968669295311
0.0326580554246902	0.0983288809657097	0.0788218230009079
0.0213724356144667	0.1014061793684959	0.0841214507818222
0.0197494365274906	0.0853792354464531	0.0865915790200233
0.0204669814556837	0.0836004465818405	0.0868689119815826
0.0288535412400961	0.0959670469164848	0.0848495513200760
0.0196687839925289	0.0908696800470352	0.0861236453056335
0.0376160591840744	0.0759935602545738	0.0729329213500023
0.0371805690228939	0.0836649835109711	0.0741090551018715
0.0369379520416260	0.0884872749447823	0.0743641480803490
0.0227388832718134	0.0979194939136505	0.0852610245347023
0.0292341616004705	0.0940124839544296	0.0854936093091965
0.0285925976932049	0.0946481078863144	0.0853999555110931
0.0220593251287937	0.0930118262767792	0.0863309279084206
0.0238203257322311	0.0947789028286934	0.0862643122673035
0.0374678559601307	0.0706706121563911	0.0771983489394188
0.0384783260524273	0.0532249584794044	0.0763455852866173
0.0376017540693283	0.0674738287925720	0.0773357078433037
0.0375429168343544	0.0726707279682159	0.0762027055025101
0.0382139347493649	0.0547784939408302	0.0774204656481743
0.0377154499292374	0.0716049149632454	0.0747270733118057
0.0378043018281460	0.0692004412412643	0.0751285776495934
0.0381124429404736	0.0615719407796860	0.0760619193315506
0.0371798053383827	0.0813283547759056	0.0753903985023499
0.0377187021076679	0.0724688768386841	0.0741266161203384
0.0239223055541515	0.0922273397445679	0.0868346020579338
0.0221405457705259	0.0630038380622864	0.0880477204918861
0.0214871224015951	0.0838279351592064	0.0870370864868164
0.0228708889335394	0.0893179476261139	0.0868889316916466
0.0213278234004974	0.0861515253782272	0.0869177430868149
0.0205381792038679	0.0711078345775604	0.0875128358602524
0.0214693322777748	0.0757984369993210	0.0874037593603134
0.0215687882155180	0.0681120455265045	0.0877610296010971
0.0206388197839260	0.0563729070127010	0.0881878361105919
0.0218898076564074	0.0496914871037006	0.0886091068387032
0.0272981449961662	0.0517602786421776	0.0880785360932350
0.0272591020911932	0.0577771887183189	0.0877650156617165
0.0248484313488007	0.0502547957003117	0.0885984748601913
0.0267897043377161	0.0560812652111053	0.0879396200180054
0.0259713418781757	0.0584303624927998	0.0879613831639290
0.0278119444847107	0.0665797814726830	0.0871968492865562
0.0261021740734577	0.0455795973539352	0.0886224731802940
0.0252145193517208	0.0468395687639713	0.0887146964669228
0.0274480283260345	0.0642596483230591	0.0873857736587524
0.0268181357532740	0.0851046144962311	0.0867144912481308
0.0269803125411272	0.0693392753601074	0.0872467160224915
0.0267803519964218	0.0878130570054054	0.0866260007023811
0.0254293028265238	0.0848817229270935	0.0871336534619331
0.0265233200043440	0.0877261608839035	0.0867052525281906
0.0268531702458858	0.0913003534078598	0.0864761099219322
0.0270992405712605	0.0691122487187386	0.0872198790311813
0.0274629071354866	0.0926571115851402	0.0862457603216171
0.0271145943552256	0.0842878222465515	0.0866568386554718
0.0266455188393593	0.0833550319075584	0.0868299677968025
0.0268939677625895	0.0825668126344681	0.0867854580283165
0.0236838739365339	0.0552339255809784	0.0884622484445572
0.0238961074501276	0.0519189946353436	0.0886133909225464
0.0241262465715408	0.0705617591738701	0.0878007039427757
0.0242932997643948	0.0600343309342861	0.0882674083113670
0.0243135876953602	0.0721790045499802	0.0877344310283661
0.0245567057281733	0.0686884447932243	0.0878934413194656
0.0252891350537539	0.0918316766619682	0.0868937522172928
0.0238292552530766	0.0449768267571926	0.0889008492231369
0.0262965541332960	0.0340845957398415	0.0890000015497208
0.0271165855228901	0.0359726995229721	0.0889488235116005
0.0284834206104279	0.0534855462610722	0.0877598226070404
0.0242257453501225	0.0423774458467960	0.0889552757143974
0.0246913544833660	0.0340342633426189	0.0890000015497208
0.0231424476951361	0.0329149328172207	0.0890000015497208
0.0240588635206223	0.0378757826983929	0.0890000015497208
0.0251239016652107	0.0372920408844948	0.0890000015497208
0.0223387777805328	0.0374570712447166	0.0889986082911491
0.0379626974463463	0.0218010768294334	0.0238941460847855
0.0387453623116016	0.0452145673334599	0.0754694566130638
0.0384807027876377	0.0481686890125275	0.0771635919809341
0.0387383475899696	0.0438056364655495	0.0758366361260414
0.0231101717799902	0.0287312082946301	0.0890000015497208
0.0251900833100080	0.0297060105949640	0.0890000015497208
0.0401396006345749	0.0247560199350119	0.0563924275338650
0.0399146489799023	0.0281209964305162	0.0598529465496540
0.0389662496745586	0.0400697067379951	0.0742812156677246
0.0393908992409706	0.0355960763990879	0.0679136663675308
0.0393765531480312	0.0359870567917824	0.0681428611278534
0.0264198854565620	0.0280247535556555	0.0890000015497208
0.0258897636085749	0.0283487066626549	0.0890000015497208
0.0407630093395710	0.0091825332492590	0.0367983058094978
0.0322686359286308	-0.0086105391383171	0.0784535184502602
0.0277840811759233	0.0052384124137461	0.0885673835873604
0.0276811532676220	0.0033522872254252	0.0884836018085480
0.0288852062076330	0.0117627689614892	0.0882734209299088
0.0288945380598307	0.0053940252400935	0.0871220454573631
0.0285348575562239	0.0042308904230595	0.0879004597663879
0.0290433783084154	-0.0011597126722336	0.0855562686920166
0.0287040565162897	-0.0001171422190964	0.0866689160466194
0.0296770818531513	-0.0007339306175709	0.0838978067040443
0.0287114717066288	-0.0004899958148599	0.0865827202796936
0.0283573009073734	0.0166173558682203	0.0888981223106384
0.0270344503223896	0.0085351169109344	0.0889779105782509
0.0301458332687616	0.0056179719977081	0.0846623107790947
0.0309281852096319	-0.0017438465729356	0.0821563452482224
0.0310004893690348	-0.0027631614357233	0.0818492323160172
0.0304584372788668	-0.0028985319659114	0.0824190229177475
0.0281386747956276	-0.0096545135602355	0.0786923393607140
0.0265746098011732	0.0214969255030155	0.0890000015497208
0.0364982411265373	0.0294905602931976	0.0780192613601685
0.0346909649670124	0.0240663345903158	0.0802134796977043
0.0357727073132992	0.0292318984866142	0.0792090445756912
0.0356797948479652	0.0326054096221924	0.0799098238348961
0.0347670055925846	0.0163126848638058	0.0788361951708794
0.0305924266576767	0.0062765963375568	0.0843059346079826
0.0361307635903358	0.0202874969691038	0.0771614089608192
0.0326078906655312	0.0001912899315357	0.0799055173993111
0.0344183072447777	0.0096374284476042	0.0783534198999405
0.0325432643294334	-0.0012604407966137	0.0797814950346947
0.0307413097470999	0.0111476052552462	0.0848374068737030
0.0322026610374451	0.0030118972063065	0.0810473635792732
0.0328615792095661	0.0075860787183046	0.0806653797626495
0.0360797755420208	0.0283024571835995	0.0785382464528084
0.0335920788347721	0.0227929130196571	0.0818735882639885
0.0347272381186485	0.0278309378772974	0.0807579606771469
0.0318138785660267	0.0038322247564793	0.0818392932415009
0.0344494953751564	0.0111902467906475	0.0785504654049873
0.0345088392496109	0.0147441737353802	0.0790218785405159
0.0323312766849995	0.0059266630560160	0.0812983065843582
0.0357780195772648	0.0272976011037827	0.0788886398077011
0.0362693108618259	0.0245496816933155	0.0776124075055122
0.0380978919565678	0.0363274477422237	0.0764048472046852
0.0347403921186924	0.0266639664769173	0.0805477723479271
0.0336201526224613	0.0277948528528214	0.0826311707496643
0.0326434522867203	0.0221864655613899	0.0833860337734222
0.0305087491869926	0.0076028965413570	0.0846614763140678
0.0322779603302479	-0.0002081170678139	0.0804011896252632
0.0336789116263390	0.0026697963476181	0.0784866958856583
0.0271316748112440	0.0300057362765074	0.0889811739325523
0.0283699072897434	0.0215207617729902	0.0888946428894997
0.0273200292140245	0.0237110052257776	0.0889631956815720
0.0337027087807655	0.0320293083786964	0.0830498188734055
0.0352931655943394	0.0395916923880577	0.0814065709710121
0.0361526682972908	0.0388059169054031	0.0799146294593811
0.0378384962677956	0.0473529249429703	0.0782386660575867
0.0360046960413456	0.0343430638313293	0.0796015858650208
0.0373588651418686	0.0436755344271660	0.0785611048340797
0.0368160940706730	0.0367990024387836	0.0785894766449928
0.0376307256519794	0.0429272167384624	0.0780272558331490
0.0352910570800304	0.0324937142431736	0.0805302709341049
0.0379717126488686	0.0447930283844471	0.0777052491903305
0.0375351160764694	0.0487619005143642	0.0789733305573463
0.0307452492415905	0.0905511528253555	0.0853714793920517
0.0292026512324810	0.0549148246645927	0.0874189436435699
0.0291300732642412	0.0431630872189999	0.0879184529185295
0.0288866255432367	0.0294819250702858	0.0885640084743500
0.0290121994912624	0.0574534311890602	0.0873940736055374
0.0289278514683247	0.0285652205348015	0.0885840952396393
0.0291649829596281	0.0469493418931961	0.0877528786659241
0.0297961346805096	0.0299781672656536	0.0879239961504936
0.0300005543977022	0.0434386208653450	0.0873664095997810
0.0305729992687702	0.0302244666963816	0.0870873183012009
0.0321892052888870	0.0421766266226768	0.0850585028529167
0.0342693775892258	0.0401968359947205	0.0828846395015717
0.0316166803240776	0.0426253229379654	0.0856592357158661
0.0296118091791868	0.0387648679316044	0.0878997072577477
0.0315618216991425	0.0855474546551704	0.0846366882324219
0.0310300271958113	0.0702417790889740	0.0855907276272774
0.0339534245431423	0.0581605732440948	0.0827699080109596
0.0347584299743176	0.0641621425747871	0.0817581713199615
0.0296948477625847	0.0304179564118385	0.0880212038755417
0.0314388014376163	0.0503958240151405	0.0856536552309990
0.0309076067060232	0.0721066147089005	0.0856746211647987
0.0331757664680481	0.0640693157911301	0.0834523886442184
0.0311992019414902	0.0555926486849785	0.0857788845896721
0.0302434563636780	0.0425545610487461	0.0871290117502213
0.0311649739742279	0.0335033088922501	0.0863718912005424
0.0302530825138092	0.0548282377421856	0.0868095532059669
0.0307902153581381	0.0623569115996361	0.0860457047820091
0.0320139005780220	0.0603981055319309	0.0847869068384171
0.0323997810482979	0.0795885026454926	0.0838910043239594
0.0307850074023008	0.0405628085136414	0.0866002589464188
0.0328158996999264	0.0776659846305847	0.0834945961833000
0.0363451689481735	0.0493861436843872	0.0804341286420822
0.0368092916905880	0.0517696589231491	0.0798779428005219
0.0359915979206562	0.0459988713264465	0.0808974206447601
0.0316330939531326	0.0414185784757137	0.0856720879673958
0.0311500355601311	0.0654910951852798	0.0855821073055267
0.0367223694920540	0.0526608042418957	0.0799484103918076
0.0340424180030823	0.0414322018623352	0.0830961540341377
0.0345064327120781	0.0509190335869789	0.0823611468076706
0.0358520038425922	0.0439269021153450	0.0810988396406174
0.0378091968595982	0.0534303635358810	0.0787671878933907
0.0314812622964382	0.0539451576769352	0.0855188518762589
0.0312317218631506	0.0862044245004654	0.0849730223417282
0.0347639247775078	0.0676094144582748	0.0816654637455940
0.0320130698382854	0.0662935599684715	0.0846393033862114
0.0377185642719269	0.0508116446435452	0.0789300501346588
0.0341058075428009	0.0566214546561241	0.0826457738876343
0.0216079466044903	-0.0093883164227009	0.0779345482587814
0.0227262265980244	-0.0088456394150853	0.0801153630018234
0.0273149479180574	-0.0081698931753635	0.0819944217801094
0.0268187057226896	-0.0023135074879974	0.0881847739219666
0.0266876015812159	-0.0066485069692135	0.0862249284982681
0.0241428837180138	-0.0002068134490401	0.0886884331703186
0.0234299134463072	-0.0005967109464109	0.0885039195418358
0.0249697454273701	-0.0023711102548987	0.0878204181790352
0.0176822338253260	0.0000947911175899	0.0887490808963776
0.0211859066039324	-0.0072380192577839	0.0846276134252548
0.0177978668361902	-0.0024383235722780	0.0875484868884087
0.0184600967913866	-0.0040630213916302	0.0864382013678551
0.0186547413468361	-0.0078976014629006	0.0834744647145271
0.0258410330861807	-0.0097504854202271	0.0792442485690117
0.0258866958320141	-0.0089215012267232	0.0814460888504982
0.0205685943365097	-0.0091060651466250	0.0812503695487976
0.0246799625456333	0.0055572087876499	0.0890000015497208
0.0235038250684738	0.0078313481062651	0.0890000015497208
0.0199782308191061	0.0044674286618829	0.0890000015497208
0.0263741817325354	0.0013151559978724	0.0890000015497208
0.0260087028145790	0.0029936695937067	0.0890000015497208
0.0188033804297447	0.0093167098239064	0.0890000015497208
0.0245242901146412	0.0189864896237850	0.0890000015497208
0.0231091789901257	0.0200167298316956	0.0890000015497208
0.0229631420224905	0.0175723526626825	0.0890000015497208
0.0210300739854574	0.0157117899507284	0.0890000015497208
0.0195323601365089	0.0120952269062400	0.0890000015497208
0.0215569213032722	-0.0099999997764826	0.0649884790182114
0.0220245048403740	-0.0099999997764826	0.0700712949037552
0.0214256066828966	-0.0099999997764826	0.0497768670320511
0.0213899724185467	-0.0099999997764826	0.0508651696145535
0.0216731503605843	-0.0099999997764826	0.0539660602807999
0.0210416261106730	-0.0099999997764826	0.0619557835161686
0.0239058434963226	-0.0099999997764826	0.0626991614699364
0.0225718580186367	-0.0099999997764826	0.0551508665084839
0.0233906060457230	-0.0099999997764826	0.0674565210938454
0.0237397272139788	-0.0099999997764826	0.0500789880752563
0.0388353317975998	0.0471624284982681	0.0733717605471611
0.0407148040831089	0.0173022020608187	0.0465898327529430
0.0389921441674232	0.0449562519788742	0.0708312839269638
0.0394285991787910	0.0374209061264992	0.0652567967772484
0.0395714007318020	0.0337902531027794	0.0646827667951584
0.0394273549318314	0.0366391018033028	0.0661342218518257
0.0391760654747486	0.0398866496980190	0.0705140605568886
0.0404665097594261	0.0209313370287418	0.0504666753113270
0.0394405089318752	0.0367450043559074	0.0656091272830963
0.0390250533819199	0.0417746342718601	0.0732142552733421
0.0409934855997562	0.0127647882327437	0.0427365452051163
0.0396479964256287	0.0329536721110344	0.0631832778453827
0.0389582142233849	0.0449938625097275	0.0718526840209961
0.0385416522622108	0.0543501861393452	0.0740528106689453
0.0389082767069340	0.0485924109816551	0.0686293616890907
0.0388397537171841	0.0511401928961277	0.0672723129391670
0.0388481914997101	0.0484833680093288	0.0712139531970024
0.0408368334174156	0.0159941297024488	0.0438224300742149
0.0389108024537563	0.0482277981936932	0.0691153705120087
0.0386643707752228	0.0533058568835258	0.0708151012659073
0.0393315479159355	0.0403131507337093	0.0649967789649963
0.0389896333217621	0.0474302805960178	0.0672397091984749
0.0386997759342194	0.0543186888098717	0.0677640065550804
0.0396840050816536	0.0366265736520290	0.0568045899271965
0.0400350727140903	0.0299106277525425	0.0535484813153744
0.0383601635694504	0.0587585158646107	0.0742277279496193
0.0386848263442516	0.0553340092301369	0.0667277798056602
0.0397131256759167	0.0360458865761757	0.0565726310014725
0.0394722297787666	0.0385445505380630	0.0622055232524872
0.0394795238971710	0.0407744832336903	0.0583207309246063
0.0396118499338627	0.0360774509608746	0.0605821236968040
0.0380358286201954	0.0678494274616241	0.0725862979888916
0.0395013019442558	0.0385616570711136	0.0610122755169868
0.0397549383342266	0.0348986685276031	0.0567443072795868
0.0403564348816872	0.0246537756174803	0.0491326488554478
0.0390820503234863	0.0456143841147423	0.0664597451686859
0.0405817776918411	0.0207444857805967	0.0463957376778126
0.0391307659447193	0.0449405573308468	0.0655920729041100
0.0401195138692856	0.0284660421311855	0.0524901673197746
0.0387878902256489	0.0514385551214218	0.0688710957765579
0.0391867309808731	0.0452645830810070	0.0628263205289841
0.0397875681519508	0.0339014306664467	0.0570425130426884
0.0389972701668739	0.0474796965718269	0.0668539106845856
0.0388233140110970	0.0483666248619556	0.0723993554711342
0.0399085804820061	0.0327139049768448	0.0541039519011974
0.0395701155066490	0.0379178561270237	0.0592906065285206
0.0407510772347450	0.0169283505529165	0.0425814092159271
0.0409026890993118	0.0144201982766390	0.0416493453085423
0.0409329682588577	0.0141762411221862	0.0419650971889496
0.0404057130217552	0.0234715715050697	0.0463250949978828
0.0390666015446186	0.0490210577845573	0.0614795945584774
0.0396744422614574	0.0371759049594402	0.0531520955264568
0.0387972667813301	0.0536423251032829	0.0597550459206104
0.0377265438437462	0.0738220959901810	0.0697406083345413
0.0395737700164318	0.0390615910291672	0.0538117215037346
0.0380430258810520	0.0677696019411087	0.0646750479936600
0.0380126610398293	0.0686217620968819	0.0716953054070473
0.0383484363555908	0.0621163919568062	0.0643017217516899
0.0380735360085964	0.0672841519117355	0.0665473639965057
0.0397358648478985	0.0360121652483940	0.0524336025118828
0.0375123061239719	0.0777292251586914	0.0685948729515076
0.0369878001511097	0.0875907093286514	0.0729132220149040
0.0394750349223614	0.0408256575465202	0.0524018891155720
0.0390300489962101	0.0493713468313217	0.0603823959827423
0.0392735861241817	0.0446687415242195	0.0553984157741070
0.0384458154439926	0.0602288693189621	0.0621363483369350
0.0401260256767273	0.0286648981273174	0.0489391647279263
0.0404587686061859	0.0223182942718267	0.0440201051533222
0.0399008467793465	0.0328373312950134	0.0493189916014671
0.0378015711903572	0.0723447874188423	0.0675179138779640
0.0394815616309643	0.0407581739127636	0.0536769554018974
0.0400884374976158	0.0293613951653242	0.0490031465888023
0.0389335975050926	0.0511305257678032	0.0598707646131516
0.0383894145488739	0.0613527074456215	0.0641284286975861
0.0390600226819515	0.0487459264695644	0.0586449503898621
0.0386115685105324	0.0571384280920029	0.0613965503871441
0.0373860746622086	0.0802159085869789	0.0723626464605331
0.0392458774149418	0.0452511869370937	0.0571054108440876
0.0384937934577465	0.0595105178654194	0.0661643370985985
0.0223009549081326	-0.0099999997764826	0.0384675487875938
0.0242459159344435	-0.0099999997764826	0.0394110567867756
0.0244502555578947	-0.0099999997764826	0.0344361178576946
0.0243695173412561	-0.0099999997764826	0.0284730531275272
0.0242603346705437	-0.0099999997764826	0.0289228223264217
0.0232008285820484	-0.0099999997764826	0.0351866818964481
0.0293450485914946	-0.0099999997764826	0.0364477597177029
0.0292011369019747	-0.0099999997764826	0.0358380973339081
0.0148136578500271	0.0006458789575845	0.0199561323970556
0.0127099128440022	0.0098897349089384	0.0203616898506880
0.0141424015164375	-0.0062451222911477	0.0369566679000854
0.0169044658541679	-0.0072908578440547	0.0316283367574215
0.0155172925442457	-0.0076078958809376	0.0361126884818077
0.0180532783269882	-0.0084626488387585	0.0309942141175270
0.0089774494990706	-0.0052702892571688	0.0490259751677513
0.0151035655289888	-0.0062281512655318	0.0342847034335136
0.0165290087461472	-0.0080923326313496	0.0346602573990822
0.0137167563661933	-0.0088601186871529	0.0510256849229336
0.0114879906177521	-0.0070291589945555	0.0491581708192825
0.0122077306732535	-0.0074406745843589	0.0486678928136826
0.0161173623055220	-0.0089784748852253	0.0417619831860065
0.0124354353174567	-0.0073792389594018	0.0473472587764263
0.0146562876179814	-0.0079739680513740	0.0417285524308681
0.0147573510184884	-0.0091233234852552	0.0482989735901356
0.0151673750951886	-0.0076446267776191	0.0375999026000500
0.0130717707797885	-0.0073165362700820	0.0443195030093193
0.0190672986209393	-0.0098634669557214	0.0390297211706638
0.0194809790700674	-0.0097977453842759	0.0346297286450863
0.0178060214966536	-0.0098474007099867	0.0430692508816719
0.0226387567818165	-0.0099949492141604	0.0297346282750368
0.0224143508821726	-0.0099615044891834	0.0293457023799419
0.0139789814129472	-0.0002530041383579	0.0224495418369770
0.0133052766323090	0.0051700919866562	0.0213716924190521
0.0134650710970163	0.0013720686547458	0.0228598266839981
0.0113536892458797	-0.0019456329755485	0.0334068201482296
0.0127641614526510	-0.0016653051134199	0.0280702561140060
0.0137607026845217	-0.0031394404359162	0.0264999959617853
0.0123905306681991	-0.0025692502968013	0.0306296311318874
0.0147838033735752	-0.0055963797494769	0.0329411849379539
0.0197664648294449	-0.0084781628102064	0.0250858366489410
0.0101810861378908	-0.0028989724814892	0.0399949848651886
0.0157488714903593	-0.0056626680307090	0.0286031030118465
0.0139407394453883	-0.0040879822336137	0.0284248515963554
0.0155472289770842	-0.0062441700138152	0.0329186879098415
0.0140609899535775	-0.0042994692921638	0.0290480609983206
0.0129060437902808	-0.0045714369043708	0.0362513102591038
0.0154165513813496	-0.0061213616281748	0.0328542552888393
0.0137013420462608	0.0235159713774920	0.0152411032468081
0.0127632003277540	0.0213469378650188	0.0176372844725847
0.0133243678137660	0.0253607369959354	0.0157566498965025
0.0132866976782680	0.0251376051455736	0.0158752668648958
0.0137366540730000	0.0306624937802553	0.0139875039458275
0.0139029966667295	0.0154514871537685	0.0161308329552412
0.0122903734445572	0.0051846979185939	0.0245063770562410
0.0109775271266699	0.0018887398764491	0.0316566340625286
0.0119495503604412	0.0054850378073752	0.0255945920944214
0.0118062254041433	0.0049181943759322	0.0265127401798964
0.0109207769855857	0.0052235638722777	0.0296554230153561
0.0124484207481146	0.0046351747587323	0.0242743119597435
0.0124299768358469	0.0027066955808550	0.0256252698600292
0.0127315958961844	0.0042824293486774	0.0234387293457985
0.0128938900306821	0.0011580846039578	0.0249013118445873
0.0110897375270724	0.0041565853171051	0.0297259148210287
0.0100666154175997	0.0003955932334065	0.0360904484987259
0.0118960123509169	0.0112124793231487	0.0219916105270386
0.0134225683286786	0.0093910526484251	0.0187738370150328
0.0145958261564374	0.0059155011549592	0.0180010609328747
0.0354798622429371	0.0335079431533813	0.0160330962389708
0.0357481464743614	0.0317708179354668	0.0166166182607412
0.0353941693902016	0.0285593196749687	0.0148843666538596
0.0363882742822170	0.0160461012274027	0.0159840267151594
0.0359754115343094	0.0244660265743732	0.0160909034311771
0.0354553274810314	0.0291392952203751	0.0151880504563451
0.0354869365692139	0.0277392733842134	0.0150477718561888
0.0369369648396969	0.0255948938429356	0.0194884352385998
0.0244074705988169	0.0151303187012672	0.0079370746389031
0.0227552242577076	0.0360852256417274	0.0074463291093707
0.0241318084299564	0.0355131514370441	0.0072943433187902
0.0194311253726482	0.0360742621123791	0.0084133362397552
0.0214612428098917	0.0348401516675949	0.0078600300475955
0.0215824563056231	0.0294354986399412	0.0080884564667940
0.0213263966143131	0.0307770930230618	0.0081000793725252
0.0230642221868038	0.0281305946409702	0.0077044232748449
0.0167009830474854	0.0263768471777439	0.0114540867507458
0.0177192315459251	0.0244894009083509	0.0110184317454696
0.0184543803334236	0.0159433279186487	0.0111871790140867
0.0203603599220514	0.0192062892019749	0.0099144987761974
0.0212037004530430	0.0152720520272851	0.0097131924703717
0.0199410337954760	0.0154378460720181	0.0103997308760881
0.0155448019504547	0.0344526320695877	0.0115496208891273
0.0179004631936550	0.0190716460347176	0.0112827839329839
0.0199257750064135	0.0266868211328983	0.0092759877443314
0.0211450457572937	0.0217829179018736	0.0091227088123560
0.0210126191377640	0.0227871686220169	0.0090556386858225
0.0205113049596548	0.0237399674952030	0.0093074347823858
0.0222303066402674	0.0203124620020390	0.0084724929183722
0.0192731972783804	0.0279310662299395	0.0096030561253428
0.0178163424134254	0.0146777005866170	0.0119522828608751
0.0163345895707607	0.0235474389046431	0.0120892524719238
0.0153945554047823	0.0121121220290661	0.0149500826373696
0.0166119150817394	0.0124131916090846	0.0136038977652788
0.0141038931906223	0.0144560188055038	0.0159443728625774
0.0166722889989614	0.0199315026402473	0.0123172607272863
0.0141299739480019	0.0181278977543116	0.0153196174651384
0.0182096064090729	0.0152053721249104	0.0114474259316921
0.0158560853451490	0.0194785892963409	0.0132606532424688
0.0248088464140892	0.0202376991510391	0.0077554294839501
0.0247254874557257	0.0195637829601765	0.0077693467028439
0.0258817542344332	0.0369394533336163	0.0073406398296356
0.0271213650703430	0.0221043340861797	0.0081737153232098
0.0298083741217852	0.0179782640188932	0.0090804826468229
0.0254211165010929	0.0193750187754631	0.0078287990763783
0.0276075638830662	0.0297611150890589	0.0079776570200920
0.0299123134464025	0.0236417353153229	0.0088660074397922
0.0268456228077412	0.0263821519911289	0.0079154791310430
0.0302296318113804	0.0184761658310890	0.0091735813766718
0.0295426473021507	0.0155033608898520	0.0091143595054746
0.0314239747822285	0.0122410655021667	0.0097652412950993
0.0272079631686211	0.0119613390415907	0.0086319241672754
0.0286912843585014	0.0283853448927402	0.0083405897021294
0.0290453433990479	0.0306782275438309	0.0084427352994680
0.0271189641207457	0.0370634645223618	0.0076711243018508
0.0294680669903755	0.0346900485455990	0.0085363406687975
0.0307947751134634	0.0233069024980068	0.0091654667630792
0.0304581485688686	0.0307772494852543	0.0091604376211762
0.0329538770020008	0.0239959005266428	0.0111419288441539
0.0306570883840322	0.0400344952940941	0.0102264089509845
0.0294380746781826	0.0396369397640228	0.0089147565886378
0.0327479615807533	0.0396796688437462	0.0123800979927182
0.0319491289556026	0.0215341597795486	0.0098630487918854
0.0314912274479866	0.0396213643252850	0.0110604390501976
0.0315761528909206	0.0224053915590048	0.0095537416636944
0.0330548435449600	0.0209373924881220	0.0109640639275312
0.0307326000183821	0.0357227101922035	0.0099057769402862
0.0326990969479084	0.0217745359987020	0.0106696179136634
0.0356423258781433	0.0147378994151950	0.0142104113474488
0.0352018214762211	0.0169269368052483	0.0137042570859194
0.0352580435574055	0.0292778406292200	0.0146164009347558
0.0355303213000298	0.0247895028442144	0.0147188697010279
0.0336195416748524	0.0217936579138041	0.0116850957274437
0.0357517302036285	0.0137461302801967	0.0143060553818941
0.0354459546506405	0.0158135704696178	0.0139914769679308
0.0329484678804874	0.0118336696177721	0.0116961328312755
0.0313732251524925	0.0116706723347306	0.0100583108142018
0.0271694585680962	0.0356283858418465	0.0076027577742934
0.0231183301657438	0.0109160570427775	0.0090175997465849
0.0153936864808202	0.0063455044291914	0.0168990958482027
0.0145779326558113	0.0111184027045965	0.0160753447562456
0.0147869847714901	0.0064527317881584	0.0175691172480583
0.0145758930593729	0.0079789040610194	0.0172474943101406
0.0227935314178467	0.0107555482536554	0.0096062747761607
0.0219515655189753	0.0107622621580958	0.0102574964985251
0.0237202718853951	0.0097024179995060	0.0087771685793996
0.0403911508619785	0.0195592548698187	0.0525827929377556
0.0390769280493259	0.0382721088826656	0.0725572630763054
0.0412000007927418	0.0086228642612696	0.0396399497985840
0.0365627892315388	0.0110853547230363	0.0173646807670593
0.0365590080618858	0.0117644360288978	0.0169138312339783
0.0364342890679836	0.0103021012619138	0.0173021107912064
0.0372757725417614	0.0110241482034326	0.0205300953239202
0.0388978980481625	0.0384597778320313	0.0747757554054260
0.0394311361014843	0.0330139957368374	0.0671529248356819
0.0368252694606781	0.0153318736702204	0.0178166329860687
0.0388517789542675	0.0138977514579892	0.0275336727499962
0.0377458594739437	0.0120258722454309	0.0220894124358892
0.0369676053524017	0.0139997862279415	0.0184335205703974
0.0379021130502224	0.0157356113195419	0.0230421572923660
0.0374307595193386	0.0213934425264597	0.0210657082498074
0.0407623462378979	0.0104488804936409	0.0365830659866333
0.0365713797509670	0.0129694063216448	0.0164638105779886
0.0377987809479237	0.0119968540966511	0.0223436169326305
0.0385250523686409	0.0132651673629880	0.0259209983050823
0.0393760763108730	0.0137274283915758	0.0300583355128765
0.0375960618257523	0.0197712741792202	0.0217781290411949
0.0367589183151722	0.0170470196753740	0.0175873413681984
0.0377785526216030	0.0169311668723822	0.0664404034614563
0.0362715348601341	0.0152713255956769	0.0741706565022469
0.0387518182396889	0.0148093225434422	0.0592273995280266
0.0403379127383232	0.0171678010374308	0.0515167303383350
0.0344080030918121	-0.0004007690586150	0.0742601007223129
0.0385006256401539	0.0127761401236057	0.0592946223914623
0.0398619174957275	0.0084637477993965	0.0482710152864456
0.0385185405611992	0.0359328687191010	0.0752895995974541
0.0372727438807487	0.0131500577554107	0.0667933449149132
0.0390930511057377	0.0133704114705324	0.0562152713537216
0.0393321886658669	0.0285140350461006	0.0653346776962280
0.0346116274595261	-0.0012135342694819	0.0724945664405823
0.0401807688176632	0.0210780519992113	0.0551618933677673
0.0408252328634262	0.0078014703467488	0.0421315133571625
0.0405179783701897	0.0166738666594028	0.0501117445528507
0.0386380292475224	0.0179330948740244	0.0620701685547829
0.0370867103338242	0.0003429258067627	0.0589853897690773
0.0391355641186237	0.0351007990539074	0.0710735544562340
0.0355462655425072	0.0062464466318488	0.0721714422106743
0.0359000004827976	-0.0018328644800931	0.0644686147570610
0.0350701287388802	0.0057542896829545	0.0746362209320068
0.0405143834650517	0.0150591926649213	0.0490102879703045
0.0394829362630844	0.0127455471083522	0.0534823313355446
0.0383116267621517	0.0135810244828463	0.0609684437513351
0.0385208353400230	0.0213951934129000	0.0651682242751122
0.0398685708642006	0.0212721861898899	0.0571373589336872
0.0366165600717068	0.0049942512996495	0.0649910867214203
0.0386600270867348	0.0246578529477119	0.0666161403059959
0.0371603742241859	0.0067669269628823	0.0630176663398743
0.0380257219076157	0.0303738638758659	0.0743298381567001
0.0363204516470432	0.0131989084184170	0.0724413469433784
0.0386259481310844	0.0276268310844898	0.0688813328742981
0.0389451086521149	0.0195752773433924	0.0614016279578209
0.0381847620010376	0.0047636106610298	0.0555857047438622
0.0379928573966026	0.0214450992643833	0.0683154910802841
0.0378764048218727	0.0054402411915362	0.0578740127384663
0.0368689969182014	0.0049478383734822	0.0634706318378448
0.0383910909295082	0.0350823961198330	0.0754496604204178
0.0338578075170517	-0.0055461777374148	0.0739261284470558
0.0397616103291512	0.0230046287178993	0.0589724853634834
0.0389110893011093	0.0299019664525986	0.0687822178006172
0.0359201319515705	0.0144672403112054	0.0756831988692284
0.0372322425246239	0.0231495257467031	0.0739846378564835
0.0385441109538078	0.0242481511086226	0.0670145973563194
0.0380325764417648	0.0262252390384674	0.0714049115777016
0.0350728705525398	0.0073559405282140	0.0757336616516113
0.0357094220817089	0.0061644976958632	0.0711525976657867
0.0349513813853264	0.0045015104115009	0.0744652375578880
0.0382653661072254	0.0127657689154148	0.0606743283569813
0.0391735881567001	0.0303734764456749	0.0675625279545784
0.0386221446096897	0.0346513651311398	0.0737878307700157
0.0377589240670204	0.0172009635716677	0.0667437165975571
0.0357504785060883	0.0132094696164131	0.0758088529109955
0.0402781404554844	0.0116148516535759	0.0480081923305988
0.0374744273722172	0.0165790840983391	0.0679885149002075
0.0397637672722340	0.0083206538110971	0.0487501770257950
0.0355328097939491	0.0018452275544405	0.0691906437277794
0.0404061600565910	0.0121480850502849	0.0476242378354073
0.0392052419483662	0.0232386961579323	0.0624151863157749
0.0391399189829826	0.0049659451469779	0.0500954464077950
0.0343221649527550	-0.0026430385187268	0.0732071325182915
0.0367922112345695	0.0108034983277321	0.0679946839809418
0.0342829562723637	-0.0003327978774905	0.0750445500016212
0.0380652211606503	0.0043271551840007	0.0559869669377804
0.0379901751875877	0.0235708691179752	0.0698093250393867
0.0349464640021324	-0.0022546967957169	0.0697967112064362
0.0388872474431992	0.0229839626699686	0.0641127377748489
0.0369472838938236	0.0131565229967237	0.0687165185809135
0.0341075174510479	-0.0031413510441780	0.0741260498762131
0.0370357483625412	0.0131035437807441	0.0681581646203995
0.0397793352603912	0.0139228673651814	0.0525535494089127
0.0363252162933350	0.0058949501253664	0.0673349127173424
0.0403188765048981	0.0093476669862866	0.0461916960775852
0.0342661850154400	0.0001220204867423	0.0754596590995789
0.0360614433884621	0.0060967779718339	0.0690302625298500
0.0384682454168797	0.0320015810430050	0.0728527382016182
0.0391750000417233	0.0190713144838810	0.0596959441900253
0.0359242670238018	0.0022049844264984	0.0671330243349075
0.0387484952807426	0.0060587739571929	0.0531628206372261
0.0386512279510498	0.0211355593055487	0.0289067868143320
0.0381296798586845	0.0226464942097664	0.0260526575148106
0.0368448942899704	0.0290069915354252	0.0215667244046926
0.0383799634873867	0.0226446166634560	0.0281198769807816
0.0357178822159767	0.0340787768363953	0.0171420201659203
0.0355155803263187	0.0358185805380344	0.0171477664262056
0.0368721559643745	0.0297077484428883	0.0224680136889219
0.0391474291682243	0.0184989869594574	0.0304656326770782
0.0374166928231716	0.0503939762711525	0.0435747094452381
0.0384272001683712	0.0322655364871025	0.0363769829273224
0.0359201245009899	0.0760432109236717	0.0532522201538086
0.0360288061201572	0.0804820805788040	0.0577115640044212
0.0365247689187527	0.0864220932126045	0.0663336068391800
0.0365539528429508	0.0670010671019554	0.0506451800465584
0.0374531038105488	0.0668613463640213	0.0573402792215347
0.0391019657254219	0.0384190306067467	0.0465280525386333
0.0358528085052967	0.0587896555662155	0.0386085659265518
0.0354647748172283	0.0437105894088745	0.0233173109591007
0.0361357554793358	0.0731824189424515	0.0525417476892471
0.0400028713047504	0.0279302857816219	0.0447586029767990
0.0367118790745735	0.0611325278878212	0.0470337830483913
0.0383722223341465	0.0577654689550400	0.0568497851490974
0.0366145819425583	0.0576757416129112	0.0434651896357536
0.0363536849617958	0.0390894301235676	0.0262636914849281
0.0374111384153366	0.0628998130559921	0.0537772439420223
0.0361455343663692	0.0732263177633286	0.0526517853140831
0.0376422628760338	0.0324377007782459	0.0305734537541866
0.0379996821284294	0.0510805025696754	0.0485522225499153
0.0366617366671562	0.0584898553788662	0.0444892384111881
0.0372598245739937	0.0298299640417099	0.0255409330129623
0.0358034595847130	0.0748794078826904	0.0514153167605400
0.0385528542101383	0.0241529010236263	0.0306828394532204
0.0367805548012257	0.0440477579832077	0.0335582979023457
0.0378641039133072	0.0445739291608334	0.0421953499317169
0.0378475449979305	0.0519153773784637	0.0480839610099792
0.0353035666048527	0.0537361465394497	0.0303092375397682
0.0354670360684395	0.0490191914141178	0.0276831500232220
0.0394593477249146	0.0306631922721863	0.0428811088204384
0.0403882712125778	0.0151903387159109	0.0372409895062447
0.0390784330666065	0.0419295057654381	0.0492255724966526
0.0371413603425026	0.0639503300189972	0.0525946691632271
0.0378113351762295	0.0260730013251305	0.0266400407999754
0.0364804342389107	0.0712710842490196	0.0535863526165485
0.0367251224815845	0.0877071768045425	0.0689036697149277
0.0373624525964260	0.0618583038449287	0.0525553300976753
0.0395370312035084	0.0212387889623642	0.0357491075992584
0.0389993339776993	0.0288713835179806	0.0379294529557228
0.0378774814307690	0.0511730760335922	0.0477025955915451
0.0368920676410198	0.0332340449094772	0.0255443770438433
0.0396086983382702	0.0208371430635452	0.0359628386795521
0.0354783535003662	0.0612532496452332	0.0377908498048782
0.0372439883649349	0.0491304323077202	0.0412316545844078
0.0354314446449280	0.0588178485631943	0.0354405529797077
0.0363694950938225	0.0606365054845810	0.0440345034003258
0.0353765226900578	0.0608100183308125	0.0366565771400928
0.0356943160295486	0.0581956058740616	0.0369216203689575
0.0388352014124393	0.0208592265844345	0.0301230065524578
0.0388761237263680	0.0419829264283180	0.0477371513843536
0.0398514457046986	0.0292056351900101	0.0446565784513950
0.0372938811779022	0.0550906099379063	0.0464920178055763
0.0378823317587376	0.0517023839056492	0.0481729283928871
0.0381327643990517	0.0449173152446747	0.0445112846791744
0.0386357828974724	0.0430283434689045	0.0467733964323997
0.0363768339157104	0.0911000818014145	0.0690453946590424
0.0370631217956543	0.0302317086607218	0.0243803523480892
0.0394628755748272	0.0221303105354309	0.0359178259968758
0.0366579703986645	0.0798084586858749	0.0619245953857899
0.0363833643496037	0.0657673031091690	0.0483425855636597
0.0360138267278671	0.0476340353488922	0.0306894648820162
0.0396867282688618	0.0221144687384367	0.0376001372933388
0.0378625169396400	0.0592585802078247	0.0542128235101700
0.0371954403817654	0.0529298000037670	0.0439763963222504
0.0390975475311279	0.0201374180614948	0.0315185301005840
0.0384942218661308	0.0226445049047470	0.0290031414479017
0.0354675389826298	0.0612941980361938	0.0377424657344818
0.0376636907458305	0.0359012186527252	0.0335730314254761
0.0387117452919483	0.0443832278251648	0.0484585687518120
0.0355072058737278	0.0482388958334923	0.0273481830954552
0.0397175326943398	0.0278591122478247	0.0425393767654896
0.0382230319082737	0.0369157493114471	0.0386401601135731
0.0371687486767769	0.0643865615129471	0.0531594492495060
0.0357379987835884	0.0659652650356293	0.0436172336339951
0.0376773439347744	0.0620321556925774	0.0550825074315071
0.0364364869892597	0.0684970617294312	0.0509810820221901
0.0402300581336021	0.0207902789115906	0.0406301878392696
0.0391307622194290	0.0258346088230610	0.0364371538162231
0.0375923104584217	0.0678474307060242	0.0592023208737373
0.0359182432293892	0.0540425926446915	0.0352154076099396
0.0404970459640026	0.0144056025892496	0.0374219082295895
0.0400938615202904	0.0274409875273705	0.0450468957424164
0.0368456207215786	0.0602336674928665	0.0473103225231171
0.0406517907977104	0.0148848788812757	0.0389864780008793
0.0366188660264015	0.0804961323738098	0.0621917694807053
0.0368608087301254	0.0419247746467590	0.0324269905686378
0.0369166508316994	0.0739082247018814	0.0590502321720123
0.0360731258988380	0.0460625477135181	0.0298512037843466
0.0356599688529968	0.0390316620469093	0.0209626648575068
0.0373621359467506	0.0397637337446213	0.0344533808529377
0.0366511419415474	0.0438730493187904	0.0324350893497467
0.0366319827735424	0.0405951514840126	0.0296047888696194
0.0379929766058922	0.0386107340455055	0.0382863804697990
0.0373199954628944	0.0701522231101990	0.0590280257165432
0.0354783385992050	0.0503732524812222	0.0288780201226473
0.0368721596896648	0.0438489541411400	0.0340891964733601
0.0367018580436707	0.0371248722076416	0.0272911842912436
0.0367329828441143	0.0761803835630417	0.0595206171274185
0.0369065515697002	0.0769256427884102	0.0614456087350845
0.0385566987097263	0.0277269221842289	0.0336397364735603
0.0374316945672035	0.0722765624523163	0.0616142004728317
0.0353226959705353	0.0572983771562576	0.0333722233772278
0.0372367054224014	0.0496698692440987	0.0416183955967426
0.0371977984905243	0.0430419556796551	0.0358942709863186
0.0367630571126938	0.0574147030711174	0.0443757995963097
0.0364483408629894	0.0341760776937008	0.0229555945843458
0.0393427051603794	0.0412085987627506	0.0506363958120346
0.0376240499317646	0.0351445004343987	0.0326529256999493
0.0366052351891994	0.0363513715565205	0.0259257778525352
0.0384826809167862	0.0276110693812370	0.0329842828214169
0.0361439287662506	0.0664061978459358	0.0470526628196239
0.0371917672455311	0.0399509444832802	0.0333164967596531
0.0371283739805222	0.0701263397932053	0.0575556382536888
0.0355482324957848	0.0666357576847076	0.0427293367683887
0.0368614792823792	0.0332499183714390	0.0253257323056459
0.0384766012430191	0.0390119552612305	0.0422776788473129
0.0362336449325085	0.0595931746065617	0.0421509966254234
0.0356867648661137	0.0656752437353134	0.0429916158318520
0.0364662520587444	0.0526660308241844	0.0382379665970802
0.0364033728837967	0.0337357930839062	0.0222543738782406
0.0370822176337242	0.0487392842769623	0.0396860912442207
0.0372562333941460	0.0333070829510689	0.0283621624112129
0.0377014391124249	0.0455037653446198	0.0417251549661160
0.0369869545102119	0.0421896837651730	0.0335993245244026
0.0384870395064354	0.0318388566374779	0.0364806540310383
0.0350883454084396	0.0438721626996994	0.0205988697707653
0.0368130132555962	0.0836902558803558	0.0662787035107613
0.0357176363468170	0.0473345518112183	0.0282010100781918
0.0389843545854092	0.0336512476205826	0.0417316369712353
0.0373070240020752	0.0568287186324596	0.0480154007673264
0.0375286601483822	0.0452103726565838	0.0401763059198856
0.0368459932506084	0.0795402750372887	0.0631288662552834
0.0385372824966908	0.0555458106100559	0.0562815479934216
0.0370428673923016	0.0419991388916969	0.0338666476309299
0.0369827151298523	0.0650992840528488	0.0523344278335571
0.0380316749215126	0.0305141210556030	0.0319468043744564
0.0379979126155376	0.0262981913983822	0.0282374881207943
0.0366341657936573	0.0553208068013191	0.0416843518614769
0.0363335572183132	0.0420449264347553	0.0285323541611433
0.0359019115567207	0.0520969443023205	0.0334978401660919
0.0375947766005993	-0.0045147896744311	0.0367870144546032
0.0331838056445122	-0.0090553518384695	0.0372993387281895
0.0405497290194035	0.0044196657836437	0.0372966267168522
0.0404308997094631	0.0032933934126049	0.0375476181507111
0.0274590570479631	-0.0099969534203410	0.0753275826573372
0.0285369344055653	-0.0099262828007340	0.0662485286593437
0.0287327934056520	-0.0098978970199823	0.0622461698949337
0.0283904355019331	-0.0098860058933496	0.0599329546093941
0.0265355464071035	-0.0099813770502806	0.0715848281979561
0.0364953167736530	-0.0051094023510814	0.0515652969479561
0.0359916836023331	-0.0055572721175849	0.0572100244462490
0.0343248248100281	-0.0071483952924609	0.0673983246088028
0.0331225916743279	-0.0085331341251731	0.0562410429120064
0.0375948883593082	-0.0040705604478717	0.0440039485692978
0.0340625718235970	-0.0076713040471077	0.0477297268807888
0.0363180451095104	-0.0052627166733146	0.0538900941610336
0.0335882045328617	-0.0079949535429478	0.0607095696032047
0.0356383621692657	-0.0060527436435223	0.0470229312777519
0.0329713486135006	-0.0085522001609206	0.0669445246458054
0.0348528176546097	-0.0066317194141448	0.0651603639125824
0.0338392481207848	-0.0077583985403180	0.0589343160390854
0.0339796058833599	-0.0077039655297995	0.0518687330186367
0.0347601361572742	-0.0070645329542458	0.0388537533581257
0.0327123366296291	-0.0088810324668884	0.0621604062616825
0.0362402945756912	-0.0055206599645317	0.0400270223617554
0.0343664214015007	-0.0073425886221230	0.0488904640078545
0.0351665876805782	-0.0063183205202222	0.0643260031938553
0.0312152467668056	-0.0094928024336696	0.0565443709492683
0.0282141026109457	-0.0098854536190629	0.0740604847669601
0.0303802788257599	-0.0092032877728343	0.0759295374155045
0.0309605933725834	-0.0095438724383712	0.0573845505714417
0.0310937296599150	-0.0091688809916377	0.0696206241846085
0.0324040129780769	-0.0086192563176155	0.0757367759943008
0.0290399361401796	-0.0097281048074365	0.0710347369313240
0.0324106700718403	-0.0090516228228807	0.0599311776459217
0.0325145199894905	-0.0087535604834557	0.0696779340505600
0.0315838456153870	-0.0091300606727600	0.0658392235636711
0.0405927672982216	0.0063984319567680	0.0419815741479397
0.0406665839254856	0.0058337631635368	0.0407684296369553
0.0375597849488258	-0.0032121848780662	0.0514059774577618
0.0374953709542751	-0.0033210706897080	0.0517234429717064
0.0390126258134842	0.0033032437786460	0.0492467433214188
0.0377036817371845	-0.0015565520152450	0.0524367243051529
0.0348440892994404	-0.0051427884027362	0.0680669844150543
0.0347001776099205	-0.0058925747871399	0.0681522563099861
0.0338445380330086	-0.0074759596027434	0.0722004547715187
0.0353966429829597	-0.0048508895561099	0.0645526945590973
0.0389631949365139	-0.0011994924861938	0.0440463386476040
0.0370221026241779	-0.0021920325234532	0.0564323104918003
0.0356173813343048	-0.0034311106428504	0.0647541731595993
0.0372056849300861	-0.0025440475437790	0.0547116100788116
0.0365215018391609	-0.0038955006748438	0.0578434355556965
0.0372046045958996	-0.0011189337819815	0.0564747601747513
0.0365783423185349	-0.0020599826239049	0.0597061030566692
0.0378257818520069	-0.0033507761545479	0.0493703819811344
0.0396293848752975	0.0048145214095712	0.0468050017952919
0.0405265912413597	0.0063161402940750	0.0423449054360390
0.0401723049581051	0.0057328450493515	0.0441187545657158
0.0264536738395691	-0.0099999997764826	0.0561611354351044
0.0270053129643202	-0.0099999997764826	0.0498806983232498
0.0270894933491945	-0.0099999997764826	0.0419182553887367
0.0252120215445757	-0.0099999997764826	0.0642419382929802
0.0257906969636679	-0.0099999997764826	0.0460247211158276
0.0241106785833836	-0.0099999997764826	0.0460402853786945
0.0254726428538561	-0.0099999997764826	0.0629303455352783
0.0288209859281778	-0.0099475411698222	0.0479841418564320
0.0282233618199825	-0.0099650574848056	0.0514119602739811
0.0277618486434221	-0.0099319666624069	0.0572266578674316
0.0298146605491638	-0.0099024595692754	0.0433689765632153
0.0272973291575909	-0.0099999997764826	0.0389018915593624
0.0253722611814737	-0.0099999997764826	0.0276142451912165
0.0227099694311619	-0.0087170936167240	0.0205346439033747
0.0245992988348007	-0.0095121078193188	0.0222180970013142
0.0267429612576962	-0.0029115891084075	0.0144965024664998
0.0278860554099083	-0.0046125128865242	0.0169032849371433
0.0275115501135588	-0.0077222990803421	0.0199183467775583
0.0296150650829077	-0.0016965609975159	0.0148506350815296
0.0273892711848021	-0.0039811925962567	0.0159692168235779
0.0196275468915701	-0.0041176956146955	0.0176706835627556
0.0230591259896755	-0.0019851508550346	0.0146811269223690
0.0234154239296913	0.0038076434284449	0.0111347232013941
0.0174136571586132	-0.0004580692038871	0.0175818782299757
0.0202437713742256	-0.0012741643004119	0.0162006374448538
0.0208395328372717	0.0051408670842648	0.0120454905554652
0.0247016958892345	-0.0005006219726056	0.0128169385716319
0.0185105130076408	-0.0021900422871113	0.0178771130740643
0.0186291076242924	0.0072097075171769	0.0128375217318535
0.0190235674381256	0.0061092316173017	0.0130469715222716
0.0197905842214823	0.0055427872575819	0.0126963071525097
0.0345247387886047	0.0083569027483463	0.0130938477814198
0.0248869732022285	0.0043238038197160	0.0110566411167383
0.0330200232565403	0.0081598330289125	0.0126964626833797
0.0277800597250462	0.0076058483682573	0.0112883727997541
0.0323432013392448	0.0062191514298320	0.0128573030233383
0.0304348282516003	0.0045180581510067	0.0126193957403302
0.0260328911244869	-0.0058151120319963	0.0171750653535128
0.0240716841071844	-0.0044055567122996	0.0157391652464867
0.0218496005982161	-0.0056113353930414	0.0170640051364899
0.0294175390154123	-0.0095600355416536	0.0283427424728870
0.0355130806565285	-0.0056928768754005	0.0301964450627565
0.0355518497526646	-0.0069573903456330	0.0346987098455429
0.0385118685662746	-0.0028741708956659	0.0357288531959057
0.0359157882630825	-0.0061531094834208	0.0336690284311771
0.0370477735996246	-0.0048733614385128	0.0351410098373890
0.0333686396479607	-0.0087691284716129	0.0331718847155571
0.0332129150629044	-0.0087206307798624	0.0317955687642097
0.0337067209184170	-0.0053288629278541	0.0250258482992649
0.0366937108337879	0.0017323503270745	0.0250751841813326
0.0386637486517429	0.0009134672582150	0.0312184449285269
0.0344335250556469	-0.0061234747990966	0.0278418622910976
0.0343473106622696	-0.0023667253553867	0.0234208442270756
0.0346036590635777	-0.0050987056456506	0.0271499492228031
0.0385693088173866	-0.0017429937142879	0.0339321047067642
0.0350985229015350	0.0048225549980998	0.0173924006521702
0.0363117270171642	-0.0038828356191516	0.0303272157907486
0.0352209843695164	-0.0020479513332248	0.0253842882812023
0.0361024141311646	-0.0000307378359139	0.0254730246961117
0.0356085523962975	0.0008765673264861	0.0231496039777994
0.0380990691483021	0.0031338576227427	0.0272417627274990
0.0394736304879189	0.0004635127261281	0.0339579060673714
0.0386748686432838	0.0051083695143461	0.0289090797305107
0.0381537377834320	0.0065057370811701	0.0261910371482372
0.0373543202877045	0.0056136460043490	0.0230922102928162
0.0369969904422760	0.0080615356564522	0.0207031033933163
0.0355057418346405	0.0087614422664046	0.0140887163579464
0.0404144562780857	0.0053852023556828	0.0362393669784069
0.0394684784114361	0.0046556461602449	0.0324574038386345
0.0394988805055618	0.0016561103984714	0.0336451232433319
0.0382286757230759	0.0076860906556249	0.0260947383940220
0.0318942554295063	-0.0057551721110940	0.0213634986430407
0.0318852253258228	-0.0060779256746173	0.0218801777809858
0.0317490361630917	-0.0071482304483652	0.0234732218086720
0.0314256772398949	-0.0060942261479795	0.0213863179087639
0.0297516509890556	-0.0090376548469067	0.0250788871198893
0.0326352939009666	-0.0010724426247180	0.0161077771335840
0.0298434402793646	0.0004342435859144	0.0138476518914104
0.0299692824482918	-0.0008029812015593	0.0144614130258560
0.0346069708466530	0.0039956541731954	0.0150194661691785
0.0327736735343933	-0.0010887263342738	0.0161942355334759
0.0344959460198879	0.0019358894787729	0.0187060963362455
0.0351647287607193	0.0068649277091026	0.0141029693186283
0.0346607007086277	0.0025868832599372	0.0174817983061075
0.0341353416442871	-0.0013744091847911	0.0210834536701441
